,id,title
1,9885,Wolf Creek,
2,211328,A New Day in Old Sana'a,
3,14167,Standing Still,
4,1690,Hostel,
5,6439,Racing Stripes,
6,11804,White Noise,
7,9947,Elektra,
8,7214,Coach Carter,
9,7453,The Hitchhiker's Guide to the Galaxy,
10,5289,Chaos,
11,8978,Assault on Precinct 13,
12,11637,Are We There Yet?,
13,46336,Four Eyed Monsters,
14,1546,Thumbsucker,
15,14517,Mirrormask,
16,11096,Hide and Seek,
17,12142,Alone in the Dark,
18,9270,Brick,
19,1544,Imagine Me & You,
20,193704,Assisted Living,
21,10027,Unleashed,
22,31977,Black,
23,6961,The Wedding Date,
24,8968,Boogeyman,
25,561,Constantine,
26,8488,Hitch,
27,203139,A Year Without Love,
28,9701,North Country,
29,67,Paradise Now,
30,10012,Cursed,
31,9667,The Jacket,
32,10022,The Pacifier,
33,4551,Be Cool,
34,2026,Hostage,
35,9928,Robots,
36,10320,The Ring Two,
37,11638,Guess Who,
38,14175,Valiant,
39,187,Sin City,
40,179,The Interpreter,
41,7364,Sahara,
42,11431,Fever Pitch,
43,10065,The Amityville Horror,
44,10799,Empire of the Wolves,
45,18882,Man-Thing,
46,8976,A Lot Like Love,
47,10066,House of Wax,
48,11679,xXx: State of the Union,
49,33358,The Mostly Unfabulous Social Life of Ethan Green,
50,25007,Death of a Dynasty,
51,445,Caché,
52,1495,Kingdom of Heaven,
53,116,Match Point,
54,16411,Initial D,
55,9515,The Matador,
56,10263,Tamara,
57,7870,Down in the Valley,
58,9981,Kicking & Screaming,
59,4379,Monster-in-Law,
60,1665,Last Days,
61,5236,Kiss Kiss Bang Bang,
62,17247,Battle in Heaven,
63,10077,A Sound of Thunder,
64,1951,Manderlay,
65,1895,Star Wars: Episode III - Revenge of the Sith,
66,11490,The Child,
67,308,Broken Flowers,
68,9291,The Longest Yard,
69,8053,The Three Burials of Melquiades Estrada,
70,12700,Dominion: Prequel to the Exorcist,
71,953,Madagascar,
72,272,Batman Begins,
73,9779,The Sisterhood of the Traveling Pants,
74,921,Cinderella Man,
75,14177,Beauty Shop,
76,9787,Lords of Dogtown,
77,9763,Goal!: The Dream Begins,
78,787,Mr. & Mrs. Smith,
79,14199,The Adventures of Sharkboy and Lavagirl,
80,74,War of the Worlds,
81,11683,Land of the Dead,
82,11451,Herbie Fully Loaded,
83,9722,Bewitched,
84,9009,Dark Water,
85,43957,Meet The Browns,
86,9738,Fantastic Four,
87,20968,Sarkar,
88,7233,Rebound,
89,118,Charlie and the Chocolate Factory,
90,9522,Wedding Crashers,
91,1635,The Island,
92,11648,Must Love Dogs,
93,10476,Hustle & Flow,
94,13341,Bad News Bears,
95,10048,Stealth,
96,4550,Sympathy for Lady Vengeance,
97,9913,The Skeleton Key,
98,11459,Sky High,
99,9335,Transporter 2,
100,11460,Red Eye,
101,6519,The Dukes of Hazzard,
102,11453,Deuce Bigalow: European Gigolo,
103,44502,The Piano Tuner of Earthquakes,
104,8982,The Protector,
105,8292,Four Brothers,
106,6957,The 40 Year Old Virgin,
107,13922,The Great Raid,
108,20496,Mangal Pandey - The Rising,
109,17186,Supercross,
110,868,Tsotsi,
111,16320,Serenity,
112,9042,The Cave,
113,4442,The Brothers Grimm,
114,17926,Undiscovered,
115,16367,Kinky Boots,
116,1985,The Constant Gardener,
117,6077,13 Tzameti,
118,44250,Cruel World,
119,142,Brokeback Mountain,
120,398,Capote,
121,9700,The Lost City,
122,533,The Curse of the Were-Rabbit,
123,9388,Thank You for Smoking,
124,9777,Proof,
125,7509,Water,
126,9074,The Man,
127,3933,Corpse Bride,
128,8923,Green Street Hooligans,
129,1947,An Unfinished Life,
130,8643,The Exorcism of Emily Rose,
131,23478,Mozart and the Whale,
132,7873,Harsh Times,
133,16608,The Proposition,
134,292,Dave Chappelle's Block Party,
135,18484,Wassup Rockers,
136,9813,The Quiet,
137,69,Walk the Line,
138,13994,Romance & Cigarettes,
139,15402,The Notorious Bettie Page,
140,5471,Beowulf & Grendel,
141,4348,Pride & Prejudice,
142,340,Everything is Illuminated,
143,1830,Lord of War,
144,3291,Good Night, and Good Luck.,
145,9007,Just Like Heaven,
146,10092,Cry_Wolf,
147,14097,9th Company,
148,9315,Flightplan,
149,9923,Domino,
150,59,A History of Violence,
151,257,Oliver Twist,
152,8066,Stay,
153,27819,October Moon,
154,14375,Romanzo criminale,
155,15487,The Greatest Game Ever Played,
156,16553,Little Manhattan,
157,11968,Into the Blue,
158,10707,The Squid and the Whale,
159,9621,Elizabethtown,
160,7553,Waiting...,
161,11931,In Her Shoes,
162,9910,Two for the Money,
163,10070,Feast,
164,125720,Suits on the Loose,
165,791,The Fog,
166,6963,The Weather Man,
167,8814,Doom,
168,11283,Nanny McPhee,
169,2610,Shopgirl,
170,1656,The Legend of Zorro,
171,215,Saw II,
172,9982,Chicken Little,
173,2904,Colgado de la luna,
174,25,Jarhead,
175,674,Harry Potter and the Goblet of Fire,
176,6795,Zathura: A Space Adventure,
177,21710,Fuck,
178,11661,Joyeux Noël,
179,10060,Get Rich or Die Tryin',
180,8999,Derailed,
181,13461,Melissa P.,
182,1833,Rent,
183,231,Syriana,
184,10033,Just Friends,
185,8202,Æon Flux,
186,9687,Keeping Mum,
187,1904,Memoirs of a Geisha,
188,411,The Chronicles of Narnia: The Lion, the Witch and the Wardrobe,
189,254,King Kong,
190,10982,Hoodwinked!,
191,2905,Yo tengo un corazón que quiere hundir mi cuerpo en los mares de ilusión,
192,7552,Fun with Dick and Jane,
193,9641,Cheaper by the Dozen 2,
194,612,Munich,
195,546,Transamerica,
196,9927,The Ringer,
197,2800,Rumor Has It...,
198,11400,The New World,
199,9681,Casanova,
200,9899,The Producers,
201,752,V for Vendetta,
202,2269,Day Watch,
203,24115,How to Eat Fried Worms,
204,407882,Cafe Au Lait - with lotsa sugar, baby!,
205,7304,Running Scared,
206,9900,Grandma's Boy,
207,834,Underworld: Evolution,
208,9918,Glory Road,
209,17379,Last Holiday,
210,1969,Bandidas,
211,13075,Sherrybaby,
212,16070,This Film Is Not Yet Rated,
213,7549,Fearless,
214,11565,Big Momma's House 2,
215,7457,Alpha Dog,
216,13856,Special,
217,1379,Lights in the Dusk,
218,10053,When a Stranger Calls,
219,313,Snow Cake,
220,9975,Curious George,
221,9286,Final Destination 3,
222,9754,Firewall,
223,300,The Science of Sleep,
224,72891,Euphoria,
225,4441,Candy,
226,9036,Eight Below,
227,9959,Freedomland,
228,10073,Date Movie,
229,14609,Ultimate Avengers,
230,186,Lucky Number Slevin,
231,16781,Madea's Family Reunion,
232,41393,Zyzzyx Road,
233,14191,Aquamarine,
234,2207,16 Blocks,
235,9920,Ultraviolet,
236,9310,American Dreamz,
237,9904,The Wild,
238,10067,The Shaggy Dog,
239,9792,The Hills Have Eyes,
240,6877,Failure to Launch,
241,582,The Lives of Others,
242,219,Volver,
243,9389,Renaissance,
244,9950,Find Me Guilty,
245,32671,Hate Crime,
246,12763,Take the Lead,
247,9655,She's the Man,
248,55278,Church Ball,
249,388,Inside Man,
250,950,Ice Age: The Meltdown,
251,10069,Stay Alive,
252,3093,Basic Instinct 2,
253,1441,The Contract,
254,9044,Tristan & Isolde,
255,4257,Scary Movie 4,
256,5820,The Sentinel,
257,588,Silent Hill,
258,7518,Over the Hedge,
259,9829,United 93,
260,13751,Akeelah and the Bee,
261,9530,RV,
262,956,Mission: Impossible III,
263,16083,First Snow,
264,10025,Just My Luck,
265,503,Poseidon,
266,4723,Southland Tales,
267,2266,Paris, je t'aime,
268,591,The Da Vinci Code,
269,10063,The Breed,
270,1116,The Wind That Shakes the Barley,
271,12526,Bug,
272,1378,Shortbus,
273,9767,The Break-Up,
274,1887,Marie Antoinette,
275,36668,X-Men: The Last Stand,
276,2295,Clerks II,
277,3509,A Scanner Darkly,
278,2016,Days of Glory,
279,1417,Pan's Labyrinth,
280,18524,The Celestine Prophecy,
281,9615,The Fast and the Furious: Tokyo Drift,
282,806,The Omen,
283,920,Cars,
284,9513,Garfield: A Tail of Two Kitties,
285,2044,The Lake House,
286,9353,Nacho Libre,
287,16007,Death Note,
288,58,Pirates of the Caribbean: Dead Man's Chest,
289,4474,My Super Ex-Girlfriend,
290,9339,Click,
291,9917,Waist Deep,
292,15423,Hood of Horror,
293,1452,Superman Returns,
294,14064,Ten Canoes,
295,350,The Devil Wears Prada,
296,15049,Bon Cop Bad Cop,
297,1819,You, Me and Dupree,
298,14069,The Girl Who Leapt Through Time,
299,1543,Emma's Bliss,
300,9297,Monster House,
301,9697,Lady in the Water,
302,9978,Stormbreaker,
303,773,Little Miss Sunshine,
304,1255,The Host,
305,15860,Dragon Tiger Gate,
306,512,Scoop,
307,9293,John Tucker Must Die,
308,82,Miami Vice,
309,9906,The Ant Bully,
310,13162,Blind Dating,
311,37933,Tales from Earthsea,
312,9718,Talladega Nights: The Ballad of Ricky Bobby,
313,9907,Barnyard,
314,326,Snakes on a Plane,
315,14611,Ultimate Avengers 2,
316,1852,World Trade Center,
317,9762,Step Up,
318,7859,Half Nelson,
319,14395,Kabhi Alvida Naa Kehna,
320,9682,Pulse,
321,14113,Zoom,
322,13140,Kenny,
323,1491,The Illusionist,
324,9788,Accepted,
325,10118,Material Girls,
326,11652,Invincible,
327,9988,Beerfest,
328,18615,Fur: An Imaginary Portrait of Diane Arbus,
329,1948,Crank,
330,9072,Little Man,
331,1523,The Last King of Scotland,
332,9075,Black Book,
333,1440,Little Children,
334,7512,Idiocracy,
335,14351,Crossover,
336,9708,The Wicker Man,
337,16727,The Namesake,
338,1730,Inland Empire,
339,1381,The Fountain,
340,10288,Fido,
341,8998,Friends with Money,
342,9053,DOA: Dead or Alive,
343,1164,Babel,
344,9954,The Covenant,
345,13842,Broken Bridges,
346,14784,The Fall,
347,1262,Stranger Than Fiction,
348,9952,Rescue Dawn,
349,9726,A Good Year,
350,3603,Black Sheep,
351,12225,Cashback,
352,1717,All the King's Men,
353,2357,10 Items or Less,
354,11798,This Is England,
355,1427,Perfume: The Story of a Murderer,
356,14055,Starter for 10,
357,13249,Seraphim Falls,
358,5393,Happily N'Ever After,
359,1165,The Queen,
360,9766,Gridiron Gang,
361,15213,Everyone's Hero,
362,9676,The Black Dahlia,
363,2324,Local Color,
364,9693,Children of Men,
365,12094,Jackass Number Two,
366,9664,Flyboys,
367,4643,The Guardian,
368,8194,A Guide To Recognizing Your Saints,
369,7484,Open Season,
370,9842,School for Scoundrels,
371,4977,Paprika,
372,8618,The History Boys,
373,1422,The Departed,
374,9958,Trailer Park Boys: The Movie,
375,9794,Employee of the Month,
376,66669,30 Days,
377,9895,Man of the Year,
378,15005,One Night with the King,
379,10961,Behind the Mask: The Rise of Leslie Vernon,
380,1975,The Grudge 2,
381,8975,The Marine,
382,9903,The Hoax,
383,5172,The Astronaut Farmer,
384,3683,Flags of Our Fathers,
385,1124,The Prestige,
386,1593,Night at the Museum,
387,13668,Catch and Release,
388,11619,Flushed Away,
389,1123,Catch a Fire,
390,214,Saw III,
391,7510,Running with Scissors,
392,496,Borat: Cultural Learnings of America for Make Benefit Glorious Nation of Kazakhstan,
393,13767,The Santa Clause 3: The Escape Clause,
394,9828,Unknown,
395,11515,Goya's Ghosts,
396,33142,Vivah,
397,10093,The Return,
398,36557,Casino Royale,
399,9672,Infamous,
400,9836,Happy Feet,
401,9809,Let's Go to Prison,
402,7551,Déjà Vu,
403,2179,Tenacious D in The Pick of Destiny,
404,15699,Opal Dream,
405,9969,Deck the Halls,
406,14194,Dhoom 2,
407,10032,Van Wilder 2: The Rise of Taj,
408,13171,The Ex,
409,13967,Miss Potter,
410,1372,Blood Diamond,
411,1579,Apocalypto,
412,5488,I'm a Cyborg, But That's OK,
413,1581,The Holiday,
414,7874,Black Snake Moan,
415,182,The Good German,
416,1271,300,
417,7516,Smokin' Aces,
418,1247,The Good Shepherd,
419,11170,We Are Marshall,
420,139103,The Sorority,
421,6691,Priceless,
422,9992,Arthur and the Invisibles,
423,1402,The Pursuit of Happyness,
424,2486,Eragon,
425,1253,Breaking and Entering,
426,9986,Charlotte's Web,
427,1251,Letters from Iwo Jima,
428,1246,Rocky Balboa,
429,1259,Notes on a Scandal,
430,1125,Dreamgirls,
431,9656,Black Christmas,
432,37725,It's a Boy Girl Thing,
433,24927,Night Of The Living Dead 3D,
434,1988,A Mighty Heart,
435,1646,Freedom Writers,
436,14820,Music Within,
437,1534,Pathfinder,
438,15772,Guru,
439,4283,Primeval,
440,8398,The Hitcher,
441,13168,Smiley Face,
442,5956,Joshua,
443,5718,King of California,
444,9760,Epic Movie,
445,15728,Boy Culture,
446,1257,Because I Said So,
447,9966,The Messengers,
448,1248,Hannibal Rising,
449,16725,The Tracey Fragments,
450,9963,Premonition,
451,9757,Norbit,
452,10253,Dragon Wars: D-War,
453,2196,Death at a Funeral,
454,1845,2 Days in Paris,
455,8141,You Kill Me,
456,11172,Music and Lyrics,
457,10520,Itty Bitty Titty Committee,
458,2267,The Last Mimzy,
459,18633,Slipstream,
460,4169,Breach,
461,4638,Hot Fuzz,
462,16555,Daddy's Little Girls,
463,3489,88 Minutes,
464,1265,Bridge to Terabithia,
465,2239,Hallam Foe,
466,1250,Ghost Rider,
467,3594,The Number 23,
468,10090,Reno 911!: Miami,
469,1949,Zodiac,
470,2977,Becoming Jane,
471,11199,Wild Hogs,
472,8270,The Lookout,
473,14125,Captivity,
474,46883,Quiet City,
475,14001,Dead Silence,
476,14434,I Think I Love My Wife,
477,7485,Shooter,
478,1268,Mr. Bean's Holiday,
479,5723,Once,
480,2355,Reign Over Me,
481,1267,Meet the Robinsons,
482,1273,TMNT,
483,1272,Sunshine,
484,1683,The Reaping,
485,285923,Grindhouse,
486,8329,[REC],
487,8271,Disturbia,
488,7183,Perfect Stranger,
489,13067,In the Land of Women,
490,9703,The Last Legion,
491,6145,Fracture,
492,9789,My Brother Is an Only Child,
493,10294,Vacancy,
494,10946,Earth,
495,41281,Moondance Alexander,
496,1738,Next,
497,1562,28 Weeks Later,
498,559,Spider-Man 3,
499,9785,The Invisible,
500,14636,The Condemned,
501,1950,Lucky You,
502,15019,I Could Never Be Your Woman,
503,1931,Stomp the Yard,
504,1989,My Blueberry Nights,
505,810,Shrek the Third,
506,2359,Sicko,
507,10078,Magicians,
508,285,Pirates of the Caribbean: At World's End,
509,1991,Death Proof,
510,1990,Paranoid Park,
511,2013,The Diving Bell and the Butterfly,
512,2014,The Edge of Heaven,
513,50318,Go Go Tales,
514,10758,Waitress,
515,2001,We Own the Night,
516,20742,Shootout at Lokhandwala,
517,3432,Mr. Brooks,
518,4964,Knocked Up,
519,20714,12,
520,298,Ocean's Thirteen,
521,9408,Surf's Up,
522,1691,Hostel: Part II,
523,2698,Evan Almighty,
524,1979,Fantastic 4: Rise of the Silver Surfer,
525,24049,Sivaji: The Boss,
526,1571,Live Free or Die Hard,
527,2062,Ratatouille,
528,1858,Transformers,
529,675,Harry Potter and the Order of the Phoenix,
530,2959,License to Wed,
531,3021,1408,
532,3563,I Now Pronounce You Chuck & Larry,
533,6535,Talk to Me,
534,2976,Hairspray,
535,10425,The Death and Life of Bobby Z,
536,35,The Simpsons Movie,
537,3638,No Reservations,
538,4141,Shoot 'Em Up,
539,5857,I Know Who Killed Me,
540,2503,The Bourne Ultimatum,
541,10074,Hot Rod,
542,60850,Fashion Victims,
543,5174,Rush Hour 3,
544,14144,Daddy Day Camp,
545,2270,Stardust,
546,14163,Chak De! India,
547,14456,Shrooms,
548,8363,Superbad,
549,13649,High School Musical 2,
550,4858,The Invasion,
551,4349,The Kingdom,
552,15156,Illegal Tender,
553,2009,4 Months, 3 Weeks and 2 Days,
554,4157,Heyy Babyy,
555,12435,The Nanny Diaries,
556,10431,War,
557,6537,The Orphanage,
558,4347,Atonement,
559,9750,Balls of Fury,
560,6973,In the Valley of Elah,
561,7343,City of Men,
562,11835,Death Sentence,
563,38140,To Rob a Thief,
564,2082,Halloween,
565,4512,The Assassination of Jesse James by the Coward Robert Ford,
566,289507,Garfield and Friends: Dreams & Schemes,
567,5176,3:10 to Yuma,
568,7942,Run, Fatboy, Run,
569,15206,The Mother of Tears,
570,12473,The Visitor,
571,13177,Battle in Seattle,
572,5125,Rendition,
573,13243,Meet Bill,
574,4517,Elizabeth: The Golden Age,
575,5915,Into the Wild,
576,13078,The Babysitters,
577,14634,The Stone Angel,
578,13910,Death Defying Acts,
579,2252,Eastern Promises,
580,4413,The Brave One,
581,13637,Sukiyaki Western Django,
582,4771,Gone Baby Gone,
583,14139,Timecrimes,
584,12246,Mongol: The Rise of Genghis Khan,
585,4629,December Boys,
586,7737,Resident Evil: Extinction,
587,13614,Katyn,
588,10760,Sydney White,
589,10030,Good Luck Chuck,
590,5708,Control,
591,7972,Before the Devil Knows You're Dead,
592,3877,Things We Lost in the Fire,
593,199160,Happy Days,
594,4566,Michael Clayton,
595,13680,The Game Plan,
596,14313,Feast of Love,
597,4538,The Darjeeling Limited,
598,3902,I'm Not There.,
599,6639,Love in the Time of Cholera,
600,9038,The Heartbreak Kid,
601,14044,Assembly,
602,6615,Lars and the Real Girl,
603,7979,The Kite Runner,
604,4513,30 Days of Night,
605,8461,Funny Games,
606,4515,Lions for Lambs,
607,663,Saw IV,
608,7211,Dan in Real Life,
609,14748,Boy A,
610,5559,Bee Movie,
611,4982,American Gangster,
612,5375,Fred Claus,
613,2310,Beowulf,
614,8079,Om Shanti Om,
615,6977,No Country for Old Men,
616,13474,P2,
617,2284,Mr. Magorium's Wonder Emporium,
618,6023,P.S. I Love You,
619,4523,Enchanted,
620,5123,August Rush,
621,5876,The Mist,
622,1620,Hitman,
623,14397,Whisper,
624,13483,Awake,
625,6076,Rabbit Without Ears,
626,2268,The Golden Compass,
627,7326,Juno,
628,6637,National Treasure: Book of Secrets,
629,6477,Alvin and the Chipmunks,
630,6479,I Am Legend,
631,7350,The Bucket List,
632,14324,Virgin Territory,
633,6538,Charlie Wilson's War,
634,13885,Sweeney Todd: The Demon Barber of Fleet Street,
635,7508,Taare Zameen Par,
636,20294,Welcome,
637,6575,Walk Hard: The Dewey Cox Story,
638,27046,The Irony of Fate. The Sequel,
639,54318,The Water Horse,
640,440,Aliens vs Predator: Requiem,
641,14047,The Great Debaters,
642,7345,There Will Be Blood,
643,10190,Towelhead,
644,13971,Wild Child,
645,12273,Singh Is Kinng,
646,41641,Fashion Victim,
647,110681,Kings of the Evening,
648,8265,Welcome to the Sticks,
649,6557,27 Dresses,
650,2395,Asterix at the Olympic Games,
651,7191,Cloverfield,
652,18176,Assassination of a High School President,
653,13090,Sunshine Cleaning,
654,6687,Transsiberian,
655,16279,The Great Buck Howard,
656,8279,Paris,
657,8090,Untraceable,
658,7555,Rambo,
659,7278,Meet the Spartans,
660,13310,Let the Right One In,
661,3580,Changeling,
662,13688,CJ7,
663,7461,Vantage Point,
664,9030,The Eye,
665,14220,Strange Wilderness,
666,15373,Role Models,
667,8676,Fool's Gold,
668,8321,In Bruges,
669,8390,Definitely, Maybe,
670,10900,Surveillance,
671,7351,Julia,
672,8247,Jumper,
673,13401,The Accidental Husband,
674,8328,Step Up 2: The Streets,
675,8204,The Spiderwick Chronicles,
676,14073,Jodhaa Akbar,
677,8681,Taken,
678,7840,10,000 BC,
679,14011,Justice League: The New Frontier,
680,8848,The Bank Job,
681,12222,Horton Hears a Who!,
682,8456,Never Back Down,
683,12178,Miss Pettigrew Lives for a Day,
684,13493,College Road Trip,
685,27286,Beautiful Losers,
686,13001,Stargate: The Ark of Truth,
687,13460,Doomsday,
688,32579,Under the Same Moon,
689,16710,Meet the Browns,
690,4942,Leatherheads,
691,8065,21,
692,11918,Superhero Movie,
693,8988,Stop-Loss,
694,8349,The Red Baron,
695,10488,Nim's Island,
696,1266,Street Kings,
697,8617,Prom Night,
698,12890,Smart People,
699,274175,Buddha Wild: Monk in a Hut,
700,9870,Forgetting Sarah Marshall,
701,10503,Happy-Go-Lucky,
702,1729,The Forbidden Kingdom,
703,9029,What Happens in Vegas,
704,8780,Baby Mama,
705,10529,Outlander,
706,13018,Deception,
707,13335,Harold & Kumar Escape from Guantanamo Bay,
708,1726,Iron Man,
709,10761,Made of Honor,
710,14574,The Boy in the Striped Pyjamas,
711,7459,Speed Racer,
712,12405,Slumdog Millionaire,
713,4564,Sex and the City,
714,8338,Blindness,
715,10360,Hunger,
716,2454,The Chronicles of Narnia: Prince Caspian,
717,8892,A Christmas Tale,
718,217,Indiana Jones and the Kingdom of the Crystal Skull,
719,31418,Everybody Dies But Me,
720,8841,The Class,
721,10665,The Strangers,
722,9502,Kung Fu Panda,
723,13672,JCVD,
724,10661,You Don't Mess with the Zohan,
725,13506,Admiral,
726,278267,The Dead Walk,
727,8645,The Happening,
728,8909,Wanted,
729,1724,The Incredible Hulk,
730,102308,The 13th Alley,
731,11665,Get Smart,
732,12177,The Love Guru,
733,10681,WALL·E,
734,8889,The Anarchist's Wife,
735,11631,Mamma Mia!,
736,8960,Hancock,
737,1735,The Mummy: Tomb of the Dragon Emperor,
738,13990,The Wackness,
739,14467,Jaane Tu... Ya Jaane Na,
740,11260,Meet Dave,
741,12289,Red Cliff,
742,88751,Journey to the Center of the Earth,
743,11253,Hellboy II: The Golden Army,
744,14301,Dr. Horrible's Sing-Along Blog,
745,15952,Terribly Happy,
746,155,The Dark Knight,
747,11802,Space Chimps,
748,12429,Ponyo,
749,10185,The Midnight Meat Train,
750,8836,The X Files: I Want to Believe,
751,14048,Man on Wire,
752,12133,Step Brothers,
753,12568,Brideshead Revisited,
754,52923,Hell House,
755,20976,Mission Istaanbul: Darr Ke Aagey Jeet Hai!,
756,10187,Swing Vote,
757,12180,Star Wars: The Clone Wars,
758,10189,Pineapple Express,
759,13256,Mutant Chronicles,
760,11671,Elegy,
761,13300,Hell Ride,
762,15926,Beer for My Horses,
763,7446,Tropic Thunder,
764,5038,Vicky Cristina Barcelona,
765,13515,Mirrors,
766,13107,Henry Poole Is Here,
767,23174,It's Alive,
768,36683,20th Century Boys - Chapter 1: Beginning of the End,
769,10186,The Rocker,
770,9381,Babylon A.D.,
771,13184,Bangkok Dangerous,
772,62647,Mirage,
773,10483,Death Race,
774,12620,The House Bunny,
775,13291,Traitor,
776,13805,Disaster Movie,
777,12162,The Hurt Locker,
778,13809,RockNRolla,
779,4944,Burn After Reading,
780,12690,Appaloosa,
781,13827,Surfer, Dude,
782,18032,The Secret of Moonacre,
783,12572,New York, I Love You,
784,12163,The Wrestler,
785,21755,The Brothers Bloom,
786,13150,Pride and Glory,
787,14940,Gigantic,
788,13510,Eden Lake,
789,16804,Departures,
790,12412,Miracle at St. Anna,
791,12837,The Secret Life of Bees,
792,10358,Zack and Miri Make a Porno,
793,13279,Lakeview Terrace,
794,14248,Igor,
795,13596,My Best Friend's Girl,
796,13027,Eagle Eye,
797,13973,Choke,
798,14326,Nights in Rodanthe,
799,13944,Passengers,
800,13092,How to Lose Friends & Alienate People,
801,19669,Kidnap,
802,12182,Nick and Norah's Infinite Playlist,
803,13600,City of Ember,
804,18533,Bronson,
805,14325,The Express,
806,12113,Body of Lies,
807,13812,Quarantine,
808,13051,Max Payne,
809,13523,Sex Drive,
810,13793,Flashbacks of a Fool,
811,8944,What Just Happened,
812,13825,The Lazarus Project,
813,13635,Mesrine: Killer Instinct,
814,16436,North Face,
815,11917,Saw V,
816,15749,While She Was Out,
817,10139,Milk,
818,10527,Madagascar: Escape 2 Africa,
819,10764,Quantum of Solace,
820,13220,Splinter,
821,17436,The Informers,
822,14071,Dostana,
823,16164,Killshot,
824,16564,Winter in Wartime,
825,13053,Bolt,
826,6972,Australia,
827,10362,Two Lovers,
828,4922,The Curious Case of Benjamin Button,
829,13387,Transporter 3,
830,12193,Four Christmases,
831,14359,Doubt,
832,13056,Punisher: War Zone,
833,13223,Gran Torino,
834,10201,Yes Man,
835,8055,The Reader,
836,10200,The Day the Earth Stood Still,
837,2309,Inkheart,
838,14756,Ip Man,
839,11321,Seven Pounds,
840,16911,The Inhabited Island,
841,4148,Revolutionary Road,
842,10199,The Tale of Despereaux,
843,62732,Lovey-Dovey 2,
844,10202,Bedtime Stories,
845,14306,Marley & Me,
846,14070,Ghajini,
847,2253,Valkyrie,
848,16409,Last Chance Harvey,
849,8285,The Spirit,
850,13813,Defiance,
851,12404,Me and Orson Welles,
852,23963,Pontypool,
853,52032,My Dog Tulip,
854,20177,Super Capers,
855,19901,Daybreakers,
856,15384,Red Cliff Part II,
857,14451,Dead Snow,
858,10521,Bride Wars,
859,13788,The Unborn,
860,14560,Paul Blart: Mall Cop,
861,14410,Notorious,
862,26390,Brooklyn's Finest,
863,15189,Hotel for Dogs,
864,20002,Chandni Chowk To China,
865,14435,My Bloody Valentine,
866,19918,Spread,
867,8952,I Love You Phillip Morris,
868,29150,Big Fan,
869,17680,The Girlfriend Experience,
870,19833,In the Loop,
871,12437,Underworld: Rise of the Lycans,
872,7445,Brothers,
873,14254,The Uninvited,
874,14536,New in Town,
875,4959,The International,
876,14836,Coraline,
877,20048,Confessions of a Shopaholic,
878,25137,Beyond a Reasonable Doubt,
879,10184,He's Just Not That Into You,
880,13532,Fanboys,
881,13455,Push,
882,15159,The Pink Panther 2,
883,76459,The Other Bank,
884,24238,Mary and Max,
885,22215,Cheri,
886,13207,Friday the 13th,
887,16345,Billu,
888,15357,District 13: Ultimatum,
889,17927,Fired Up!,
890,20027,Delhi-6,
891,13183,Watchmen,
892,15472,The Girl with the Dragon Tattoo,
893,16325,Echelon Conspiracy,
894,15268,Street Fighter: The Legend of Chun-Li,
895,18320,The Young Victoria,
896,28053,City Island,
897,16996,17 Again,
898,13836,Race to Witch Mountain,
899,18405,The Last House on the Left,
900,42918,Winnebago Man,
901,16871,Drag Me to Hell,
902,18239,The Twilight Saga: New Moon,
903,15512,Monsters vs Aliens,
904,13811,Knowing,
905,16558,Duplicity,
906,17134,12 Rounds,
907,21191,Sin Nombre,
908,16538,I Love You, Man,
909,28211,Chloe,
910,18781,The Haunting in Connecticut,
911,16167,From Within,
912,18947,The Boat That Rocked,
913,13804,Fast & Furious,
914,17935,Iron & Blood: The Legend of Taras Bulba,
915,16614,Adventureland,
916,51275,The Priest,
917,18126,Hannah Montana: The Movie,
918,16991,Observe and Report,
919,15092,Crank: High Voltage,
920,16995,State of Play,
921,18122,The Inhabited Island 2: Rebellion,
922,17332,The Soloist,
923,17336,Fighting,
924,17335,Obsessed,
925,21033,Beautiful,
926,2080,X-Men Origins: Wolverine,
927,17532,S. Darko,
928,12556,Ghosts of Girlfriends Past,
929,34647,Enter the Void,
930,13475,Star Trek,
931,1977,The Grudge 3,
932,14160,Up,
933,13448,Angels & Demons,
934,24469,Fish Tank,
935,117646,Spring Fever,
936,30018,Mother,
937,58251,Daddy Longlegs,
938,26715,Bitch Slap,
939,26428,Agora,
940,18360,Night at the Museum: Battle of the Smithsonian,
941,534,Terminator Salvation,
942,38984,Coco Chanel & Igor Stravinsky,
943,38810,Dogtooth,
944,18240,The Proposal,
945,18785,The Hangover,
946,19255,Away We Go,
947,18162,Land of the Lost,
948,33196,Tidal Wave,
949,70070,The House of Sun,
950,12403,A Perfect Getaway,
951,11928,Tetro,
952,18487,The Taking of Pelham 1 2 3,
953,17431,Moon,
954,50417,Street Dreams,
955,28178,Hachi: A Dog's Tale,
956,17610,Year One,
957,19265,Whatever Works,
958,8373,Transformers: Revenge of the Fallen,
959,10024,My Sister's Keeper,
960,8355,Ice Age: Dawn of the Dinosaurs,
961,11322,Public Enemies,
962,767,Harry Potter and the Half-Blood Prince,
963,21407,The Collector,
964,19840,I Love You, Beth Cooper,
965,19913,(500) Days of Summer,
966,19585,G-Force,
967,21208,Orphan,
968,20943,The Ugly Truth,
969,20290,Luck,
970,22051,Adam,
971,23128,The Cove,
972,19663,Love Aaj Kal,
973,20829,Funny People,
974,20856,Aliens in the Attic,
975,28874,Summer Wars,
976,14869,G.I. Joe: The Rise of Cobra,
977,17654,District 9,
978,24803,Julie & Julia,
979,23367,Bandslam,
980,25376,The Secret in Their Eyes,
981,28355,Case 39,
982,24420,The Time Traveler's Wife,
983,16869,Inglourious Basterds,
984,12244,9,
985,26820,My One and Only,
986,25132,Shorts,
987,25704,Post Grad,
988,19912,The Final Destination,
989,24150,Halloween II,
990,12569,Extract,
991,18501,Gamer,
992,37861,Valhalla Rising,
993,25769,Carriers,
994,23706,All About Steve,
995,22947,Up in the Air,
996,36691,Solitary Man,
997,19898,Pandorum,
998,23488,Dorian Gray,
999,26688,Sorority Row,
1000,22787,Whiteout,
1001,11699,The Bad Lieutenant: Port of Call - New Orleans,
1002,34769,Defendor,
1003,23082,The Invention of Lying,
1004,12834,Leaves of Grass,
1005,38448,Ondine,
1006,10664,[REC]²,
1007,32985,Solomon Kane,
1008,22794,Cloudy with a Chance of Meatballs,
1009,22825,The Box,
1010,24253,The Girl Who Played with Fire,
1011,11323,The Informant!,
1012,25643,Love Happens,
1013,19994,Jennifer's Body,
1014,19899,Couples Retreat,
1015,33997,Desert Flower,
1016,19959,Surrogates,
1017,30128,I Hope They Serve Beer in Hell,
1018,22832,Ninja Assassin,
1019,8054,The Imaginarium of Doctor Parnassus,
1020,28510,Universal Soldier: Regeneration,
1021,12573,A Serious Man,
1022,19908,Zombieland,
1023,36698,The Interceptor,
1024,42571,The Double Hour,
1025,39800,Life During Wartime,
1026,14161,2012,
1027,46641,Today's Special,
1028,22803,Law Abiding Citizen,
1029,16577,Astro Boy,
1030,24804,Black Dynamite,
1031,16523,Where the Wild Things Are,
1032,36970,Oceans,
1033,10313,The Men Who Stare at Goats,
1034,22804,Saw VI,
1035,8915,Amelia,
1036,10315,Fantastic Mr. Fox,
1037,24418,Cirque du Freak: The Vampire's Assistant,
1038,27936,Micmacs,
1039,24684,An Education,
1040,17979,A Christmas Carol,
1041,29963,Bright Star,
1042,24827,Ajab Prem Ki Ghazab Kahani,
1043,22824,The Fourth Kind,
1044,25941,Harry Brown,
1045,28089,The Messenger,
1046,16866,Planet 51,
1047,23517,The Murder Farm,
1048,22881,The Blind Side,
1049,22821,The Boondock Saints II: All Saints Day,
1050,22949,Old Dogs,
1051,20766,The Road,
1052,37656,Hooked on the Game,
1053,33613,The Girl Who Kicked the Hornet's Nest,
1054,10197,Nine,
1055,63286,PickUp: With no Rules,
1056,4597,Armored,
1057,10198,The Princess and the Frog,
1058,19995,Avatar,
1059,22954,Invictus,
1060,10528,Sherlock Holmes,
1061,25196,Crazy Heart,
1062,24438,Did You Hear About the Morgans?,
1063,30596,Bodyguards and Assassins,
1064,23398,Alvin and the Chipmunks: The Squeakquel,
1065,20453,3 Idiots,
1066,22897,It's Complicated,
1067,90035,Novye Priklyucheniya Alenushki i Eremy,
1068,7980,The Lovely Bones,
1069,31162,Black Lightning,
1070,52505,The Other Woman,
1071,36419,After.Life,
1072,27004,Ca$h,
1073,25195,Leap Year,
1074,38357,Morning Glory,
1075,44040,Devil,
1076,20504,The Book of Eli,
1077,53172,Henry's Crime,
1078,45077,Every Day,
1079,23023,Tooth Fairy,
1080,47218,Happythankyoumoreplease,
1081,27569,Extraordinary Measures,
1082,22894,Legion,
1083,46838,Tucker and Dale vs Evil,
1084,44835,Hesher,
1085,54602,Skateland,
1086,12201,Edge of Darkness,
1087,13477,When in Rome,
1088,32657,Percy Jackson & the Olympians: The Lightning Thief,
1089,22971,Dear John,
1090,26389,From Paris with Love,
1091,44363,Frozen,
1092,32856,Valentine's Day,
1093,26022,My Name Is Khan,
1094,11439,The Ghost Writer,
1095,39356,Boy,
1096,54524,The Robber,
1097,23759,Centurion,
1098,11324,Shutter Island,
1099,29427,The Crazies,
1100,23742,Cop Out,
1101,12155,Alice in Wonderland,
1102,35428,What Men Talk About,
1103,10191,How to Train Your Dragon,
1104,22972,Green Zone,
1105,34016,She's Out of My League,
1106,44982,13,
1107,56272,Elektra Luxx,
1108,27573,The Bounty Hunter,
1109,41211,Heartbreaker,
1110,36696,Space Dogs,
1111,31867,Repo Men,
1112,27586,The Runaways,
1113,33217,Diary of a Wimpy Kid,
1114,42194,TEKKEN,
1115,23483,Kick-Ass,
1116,35019,Nanny McPhee and the Big Bang,
1117,27583,Greenberg,
1118,23048,Hot Tub Time Machine,
1119,41505,Shelter,
1120,46829,Barney's Version,
1121,56601,The Perfect Game,
1122,18823,Clash of the Titans,
1123,35169,Furry Vengeance,
1124,44147,Wild Target,
1125,35056,Date Night,
1126,35552,The Extraordinary Adventures of Adèle Blanc-Sec,
1127,48289,The Debt,
1128,34803,Death at a Funeral,
1129,37472,Ip Man 2,
1130,34813,The Losers,
1131,34806,The Back-Up Plan,
1132,43920,Dog Pound,
1133,10138,Iron Man 2,
1134,23437,A Nightmare on Elm Street,
1135,37950,Charlie St. Cloud,
1136,37495,Four Lions,
1137,23830,Last Night,
1138,41210,The Switch,
1139,20662,Robin Hood,
1140,47909,Poetry,
1141,55151,Tuesday, After Christmas,
1142,38093,Just Wright,
1143,45649,Rubber,
1144,51241,Heartbeats,
1145,10192,Shrek Forever After,
1146,46332,Of Gods and Men,
1147,43434,Carlos,
1148,9543,Prince of Persia: The Sands of Time,
1149,37786,Sex and the City 2,
1150,44629,Animal Kingdom,
1151,32823,Get Him to the Greek,
1152,37821,Killers,
1153,38579,Marmaduke,
1154,119441,Hetalia: Axis Powers: Paint It, White!,
1155,47557,The Edge,
1156,41215,Black Death,
1157,34544,The A-Team,
1158,38575,The Karate Kid,
1159,39013,Winter's Bone,
1160,37834,Knight and Day,
1161,10193,Toy Story 3,
1162,43947,I Spit on Your Grave,
1163,20533,Jonah Hex,
1164,24021,The Twilight Saga: Eclipse,
1165,94567,God of Vampires,
1166,34851,Predators,
1167,43923,It's Kind of a Funny Story,
1168,20352,Despicable Me,
1169,39781,The Kids Are All Right,
1170,41216,Legend of the Guardians: The Owls of Ga'Hoole,
1171,27022,The Sorcerer's Apprentice,
1172,27205,Inception,
1173,51739,The Secret World of Arrietty,
1174,27576,Salt,
1175,44565,Khatta Meetha,
1176,38358,The Last Exorcism,
1177,43949,Flipped,
1178,40662,Batman: Under the Red Hood,
1179,22538,Scott Pilgrim vs. the World,
1180,38778,Dinner for Schmucks,
1181,39691,Cats & Dogs 2 : The Revenge of Kitty Galore,
1182,47088,The Extra Man,
1183,27578,The Expendables,
1184,51608,The Man from Nowhere,
1185,41233,Step Up 3D,
1186,43083,This is Sodom,
1187,27581,The Other Guys,
1188,43930,Tomorrow, When the War Began,
1189,38167,Eat Pray Love,
1190,44549,PEEPLI [Live],
1191,10140,The Chronicles of Narnia: The Voyage of the Dawn Treader,
1192,40264,Vampires Suck,
1193,39486,Secretariat,
1194,43593,Piranha 3D,
1195,38568,Howl,
1196,22907,Takers,
1197,43919,Hatchet II,
1198,12645,Inhale,
1199,27579,The American,
1200,63578,The Trip,
1201,23631,Machete,
1202,38073,Going the Distance,
1203,33909,Wall Street: Money Never Sleeps,
1204,49009,The Way Back,
1205,467314,Browncoats: Redemption,
1206,46738,Incendies,
1207,51447,Trophy Wife,
1208,57120,Meek's Cutoff,
1209,45269,The King's Speech,
1210,56812,The Last Circus,
1211,58857,13 Assassins,
1212,45132,Super,
1213,35791,Resident Evil: Afterlife,
1214,59468,The Way,
1215,37735,Easy A,
1216,44945,Trust,
1217,60309,The Conspirator,
1218,63946,Viva Riva!,
1219,44010,Logan,
1220,45094,Conviction,
1221,55347,Beginners,
1222,43552,Vanishing on 7th Street,
1223,70695,Dirty Girl,
1224,63943,West Is West,
1225,59437,Beautiful Boy,
1226,49018,Insidious,
1227,45657,The Ward,
1228,23168,The Town,
1229,42188,Never Let Me Go,
1230,53457,Sarah's Key,
1231,12819,Alpha and Omega,
1232,43943,Jack Goes Boating,
1233,26388,Buried,
1234,44566,Anjaana Anjaani,
1235,38303,You Again,
1236,37799,The Social Network,
1237,52015,Stake Land,
1238,63281,Pro Lyuboff,
1239,41402,Let Me In,
1240,43942,Freakonomics,
1241,38408,Life As We Know It,
1242,59435,An Invisible Sign,
1243,58496,Senna,
1244,46934,Mr. Nice,
1245,44639,Inside Job,
1246,47931,Elite Squad: The Enemy Within,
1247,43931,My Soul to Take,
1248,57521,Black Bread,
1249,39514,RED,
1250,16290,Jackass 3D,
1251,45658,Everything Must Go,
1252,58936,Pure Country 2: The Gift,
1253,12444,Harry Potter and the Deathly Hallows: Part 1,
1254,45958,Biutiful,
1255,41436,Paranormal Activity 2,
1256,44129,The Company Men,
1257,41439,Saw: The Final Chapter,
1258,53079,Who Is Harry Nilsson (And Why Is Everybody Talkin' About Him?),
1259,38055,Megamind,
1260,52274,Julia's Eyes,
1261,46146,Troll Hunter,
1262,31007,Welcome to the Rileys,
1263,50204,Burke & Hare,
1264,44048,Unstoppable,
1265,41733,Due Date,
1266,43938,Nice Guy Johnny,
1267,44009,Another Year,
1268,44115,127 Hours,
1269,49850,A Quiet Life,
1270,49679,Action Replayy,
1271,46261,Don't Be Afraid of the Dark,
1272,48838,London Boulevard,
1273,42684,Skyline,
1274,47607,Tiny Furniture,
1275,43539,The Next Three Days,
1276,43347,Love & Other Drugs,
1277,42297,Burlesque,
1278,41283,Faster,
1279,38757,Tangled,
1280,44214,Black Swan,
1281,46528,The Warrior's Way,
1282,50838,Wrecked,
1283,37710,The Tourist,
1284,20526,TRON: Legacy,
1285,44638,The Tempest,
1286,57703,Norwegian Wood,
1287,41515,Yogi Bear,
1288,57809,Six Degrees of Celebration,
1289,52264,A Cat in Paris,
1290,27585,Rabbit Hole,
1291,45317,The Fighter,
1292,42888,How Do You Know,
1293,39451,Little Fockers,
1294,44264,True Grit,
1295,45272,Country Strong,
1296,38745,Gulliver's Travels,
1297,46705,Blue Valentine,
1298,59728,The 5th Quarter,
1299,42707,Road to Nowhere,
1300,49020,Submarine,
1301,70758,Hey, Boo: Harper Lee & To Kill a Mockingbird,
1302,63144,Page One: Inside the New York Times,
1303,23047,Season of the Witch,
1304,41630,No Strings Attached,
1305,40805,The Green Hornet,
1306,27582,The Mechanic,
1307,45772,Gnomeo & Juliet,
1308,44564,The Dilemma,
1309,55292,Shaolin,
1310,38117,Beastly,
1311,92182,Silent House,
1312,51999,Perfect Sense,
1313,51996,Thin Ice,
1314,48171,The Rite,
1315,79611,Target,
1316,48340,Sanctum,
1317,49950,The Roommate,
1318,49494,The Eagle,
1319,50546,Just Go with It,
1320,62630,The Devil's Double,
1321,50780,The Beaver,
1322,39513,Paul,
1323,101173,Coriolanus,
1324,48138,Unknown,
1325,38322,Big Mommas: Like Father, Like Son,
1326,46529,I Am Number Four,
1327,47327,Drive Angry,
1328,48988,Hall Pass,
1329,51828,One Day,
1330,44896,Rango,
1331,38050,The Adjustment Bureau,
1332,50725,Take Me Home Tonight,
1333,51876,Limitless,
1334,44943,Battle: Los Angeles,
1335,50321,Mars Needs Moms,
1336,51209,Kill the Irishman,
1337,38684,Jane Eyre,
1338,49730,Red Riding Hood,
1339,38541,The Divide,
1340,55787,Water for Elephants,
1341,50619,The Twilight Saga: Breaking Dawn - Part 1,
1342,43935,Dylan Dog: Dead of Night,
1343,50348,The Lincoln Lawyer,
1344,56401,The Music Never Stopped,
1345,55725,Win Win,
1346,57829,The Mill and the Cross,
1347,23629,Sucker Punch,
1348,60307,Diary of a Wimpy Kid: Rodrick Rules,
1349,45612,Source Code,
1350,50359,Hop,
1351,46195,Rio,
1352,50456,Hanna,
1353,61400,Thank You,
1354,49012,Arthur,
1355,38319,Your Highness,
1356,81390,A Lonely Place to Die,
1357,41446,Scream 4,
1358,51162,Winnie the Pooh,
1359,50601,5 Days of War,
1360,58699,Bellflower,
1361,51497,Fast Five,
1362,10195,Thor,
1363,74308,Detachment,
1364,55721,Bridesmaids,
1365,51588,Prom,
1366,57089,Hoodwinked Too! Hood VS. Evil,
1367,59099,Hollywood & Wine,
1368,49022,Something Borrowed,
1369,38321,Priest,
1370,57119,Jumping the Broom,
1371,63493,The Ledge,
1372,1865,Pirates of the Caribbean: On Stranger Tides,
1373,59436,Midnight in Paris,
1374,71859,We Need to Talk About Kevin,
1375,59678,Attack the Block,
1376,87368,17 Girls,
1377,74643,The Artist,
1378,67748,Snowtown,
1379,63686,Thor: Tales of Asgard,
1380,52449,Bad Teacher,
1381,8967,The Tree of Life,
1382,55846,Blitz,
1383,49538,X-Men: First Class,
1384,49444,Kung Fu Panda 2,
1385,45243,The Hangover Part II,
1386,62215,Melancholia,
1387,59296,Love, Wedding, Marriage,
1388,75802,Hysteria,
1389,37686,Super 8,
1390,60062,Judy Moody and the Not Bummer Summer,
1391,80767,Jiro Dreams of Sushi,
1392,49013,Cars 2,
1393,44912,Green Lantern,
1394,64678,The Art of Getting By,
1395,58224,Mr. Popper's Penguins,
1396,91070,L!fe Happens,
1397,55720,A Better Life,
1398,38356,Transformers: Dark of the Moon,
1399,59861,Larry Crowne,
1400,51993,Terri,
1401,59860,Monte Carlo,
1402,77881,Crime After Crime,
1403,80518,Fullmetal Alchemist: The Sacred Star of Milos,
1404,76349,1911,
1405,38317,Zookeeper,
1406,12445,Harry Potter and the Deathly Hallows: Part 2,
1407,67913,The Guard,
1408,359348,The Worst Movie Ever!,
1409,51540,Horrible Bosses,
1410,48572,Red State,
1411,58882,Snow Flower and the Secret Fan,
1412,50357,Apollo 18,
1413,50544,Friends with Benefits,
1414,55420,Another Earth,
1415,1771,Captain America: The First Avenger,
1416,62835,Colombiana,
1417,50646,Crazy, Stupid, Love.,
1418,72711,The Interrupters,
1419,41513,The Smurfs,
1420,49849,Cowboys & Aliens,
1421,61791,Rise of the Planet of the Apes,
1422,70670,Headhunters,
1423,49520,The Change-Up,
1424,64690,Drive,
1425,50014,The Help,
1426,79224,War of the Arrows,
1427,67675,Glee: The Concert Movie,
1428,37430,Conan the Barbarian,
1429,55779,Final Destination 5,
1430,63311,The Skin I Live In,
1431,77949,The Awakening,
1432,58151,Fright Night,
1433,56288,Spy Kids: All the Time in the World,
1434,62046,Flypaper,
1435,69798,The Inbetweeners Movie,
1436,59968,Our Idiot Brother,
1437,68818,Blackthorn,
1438,52451,The Three Musketeers,
1439,73582,Bodyguard,
1440,80591,W.E.,
1441,73686,In Darkness,
1442,74725,Kill List,
1443,74998,Seeking Justice,
1444,77874,InSight,
1445,65055,Shark Night,
1446,79697,Butter,
1447,91186,A Simple Life,
1448,9364,Wuthering Heights,
1449,91549,The Moth Diaries,
1450,86820,4:44 Last Day on Earth,
1451,94329,The Raid,
1452,39538,Contagion,
1453,59440,Warrior,
1454,74306,God Bless America,
1455,65057,The Descendants,
1456,74458,Mere Brother Ki Dulhan,
1457,93084,Keyhole,
1458,80038,Friends with Kids,
1459,89008,The Oranges,
1460,83899,You're Next,
1461,73567,Killer Joe,
1462,81025,Salmon Fishing in the Yemen,
1463,75622,Rampart,
1464,84355,Your Sister's Sister,
1465,51994,The Deep Blue Sea,
1466,82532,Jeff, Who Lives at Home,
1467,98545,Peace, Love & Misunderstanding,
1468,72113,Carnage,
1469,47760,Restless,
1470,64639,Straw Dogs,
1471,70868,I Don't Know How She Does It,
1472,60308,Moneyball,
1473,59965,Abduction,
1474,62837,Dolphin Tale,
1475,72432,Puncture,
1476,45610,Machine Gun Preacher,
1477,49021,Killer Elite,
1478,10316,The Ides of March,
1479,50839,Margin Call,
1480,39254,Real Steel,
1481,40807,50/50,
1482,48231,A Dangerous Method,
1483,63492,What's Your Number?,
1484,44754,Margaret,
1485,69668,Dream House,
1486,53487,This Must Be the Place,
1487,76025,Shame,
1488,71157,Polisse,
1489,70954,The Hunter,
1490,68817,Footloose,
1491,76543,Tyrannosaur,
1492,60935,The Thing,
1493,73937,The Big Year,
1494,23514,The Rum Diary,
1495,70578,Trespass,
1496,86728,Labios Rojos,
1497,72477,Texas Killing Fields,
1498,75900,My Week with Marilyn,
1499,72571,Paranormal Activity 3,
1500,75301,Being Elmo: A Puppeteer's Journey,
1501,50837,Martha Marcy May Marlene,
1502,78206,Chicken with Plums,
1503,17578,The Adventures of Tintin,
1504,49530,In Time,
1505,73499,The Double,
1506,60420,Like Crazy,
1507,417859,Puss in Boots,
1508,77338,The Intouchables,
1509,74513,Special Forces,
1510,59108,Tower Heist,
1511,55465,A Very Harold & Kumar Christmas,
1512,70586,Setup,
1513,70435,Haywire,
1514,88794,J. Edgar,
1515,37958,Immortals,
1516,71880,Jack and Jill,
1517,65759,Happy Feet Two,
1518,81298,Boj S Tenyu 3: Posledniy Raund,
1519,60422,Another Happy Day,
1520,44826,Hugo,
1521,58574,Sherlock Holmes: A Game of Shadows,
1522,64720,Take Shelter,
1523,74534,The Best Exotic Marigold Hotel,
1524,77878,The Lady,
1525,58428,The Innkeepers,
1526,56292,Mission: Impossible - Ghost Protocol,
1527,57431,The Sitter,
1528,71676,Ghost Rider: Spirit of Vengeance,
1529,65754,The Girl with the Dragon Tattoo,
1530,55301,Alvin and the Chipmunks: Chipwrecked,
1531,76758,The Flowers of War,
1532,57157,Young Adult,
1533,81342,Delicacy,
1534,73873,Albert Nobbs,
1535,77221,Black Gold,
1536,71469,The Darkest Hour,
1537,79777,In the Land of Blood and Honey,
1538,64685,Extremely Loud & Incredibly Close,
1539,57212,War Horse,
1540,83456,What Men Still Talk About,
1541,71688,The Iron Lady,
1542,91367,Sing Your Song,
1543,92591,Bernie,
1544,89455,360,
1545,100271,A Letter to Momo,
1546,74387,Goon,
1547,22970,The Cabin in the Woods,
1548,75174,The Grey,
1549,76487,The Devil Inside,
1550,77866,Contraband,
1551,49527,Man on a Ledge,
1552,52520,Underworld: Awakening,
1553,72431,Red Tails,
1554,72545,Journey 2: The Mysterious Island,
1555,84329,Robot & Frank,
1556,54054,One for the Money,
1557,76726,Chronicle,
1558,65086,The Woman in Black,
1559,78698,Big Miracle,
1560,72570,The Vow,
1561,59961,Safe House,
1562,67660,Think Like a Man,
1563,84336,Shadow Dancer,
1564,94671,Jayne Mansfield's Car,
1565,59962,This Means War,
1566,94901,About Cherry,
1567,86467,Bel Ami,
1568,89691,ATM,
1569,49529,John Carter,
1570,79548,Gone,
1571,50647,Wanderlust,
1572,75674,Act of Valor,
1573,57214,Project X,
1574,73723,The Lorax,
1575,75638,Red Lights,
1576,98339,The Samaritan,
1577,72358,A Thousand Words,
1578,70436,The Raven,
1579,10679,Iron Sky,
1580,70160,The Hunger Games,
1581,64688,21 Jump Street,
1582,72197,The Pirates! In an Adventure with Scientists!,
1583,85870,My Way,
1584,62764,Mirror Mirror,
1585,57165,Wrath of the Titans,
1586,84165,2 Days in New York,
1587,59963,Dark Tide,
1588,88273,A Royal Affair,
1589,82507,Sinister,
1590,80280,[REC]³ Genesis,
1591,71552,American Reunion,
1592,77948,The Cold Light of Day,
1593,102197,The Spy,
1594,44833,Battleship,
1595,81796,Lockout,
1596,76489,The Three Stooges,
1597,72387,Safe,
1598,77877,The Lucky One,
1599,87440,Struck by Lightning,
1600,100275,Eddie: The Sleepwalking Cannibal,
1601,100529,Lola Versus,
1602,24428,The Avengers,
1603,72207,The Five-Year Engagement,
1604,113947,The Sessions,
1605,467816,Seeking Nirvana,
1606,111237,White Tiger,
1607,62213,Dark Shadows,
1608,71668,Piranha 3DD,
1609,76493,The Dictator,
1610,83666,Moonrise Kingdom,
1611,97365,Rust and Bone,
1612,76494,What to Expect When You're Expecting,
1613,127493,Stolen,
1614,110160,Laurence Anyways,
1615,86837,Amour,
1616,83770,On the Road,
1617,41154,Men in Black 3,
1618,124067,The Central Park Five,
1619,93856,Chernobyl Diaries,
1620,49014,Cosmopolis,
1621,70981,Prometheus,
1622,58595,Snow White and the Huntsman,
1623,103747,The Angels' Share,
1624,102632,Rowdy Rathore,
1625,80321,Madagascar 3: Europe's Most Wanted,
1626,84332,Safety Not Guaranteed,
1627,80585,Rock of Ages,
1628,87428,That's My Boy,
1629,84342,Something from Nothing: The Art of Rap,
1630,116977,Foodfight!,
1631,72331,Abraham Lincoln: Vampire Hunter,
1632,62177,Brave,
1633,88005,Seeking a Friend for the End of the World,
1634,84305,Lay the Favorite,
1635,57800,Ice Age: Continental Drift,
1636,1930,The Amazing Spider-Man,
1637,101267,Katy Perry: Part of Me,
1638,77930,Magic Mike,
1639,84175,Beasts of the Southern Wild,
1640,98548,People Like Us,
1641,72105,Ted,
1642,103328,Holy Motors,
1643,130739,A Coffee in Berlin,
1644,101731,The Magic of Belle Isle,
1645,82525,Savages,
1646,112936,Bol Bachchan,
1647,150213,Pokémon the Movie: Kyurem vs. the Sword of Justice,
1648,49026,The Dark Knight Rises,
1649,103332,Ruby Sparks,
1650,124157,The Thieves,
1651,85446,Step Up Revolution,
1652,80035,The Watch,
1653,84348,V/H/S,
1654,82650,Diary of a Wimpy Kid: Dog Days,
1655,64635,Total Recall,
1656,77174,ParaNorman,
1657,84184,Celeste & Jesse Forever,
1658,84174,Bachelorette,
1659,110398,No,
1660,82696,Hope Springs,
1661,110112,Nitro Circus: The Movie,
1662,76163,The Expendables 2,
1663,49040,The Bourne Legacy,
1664,77953,The Campaign,
1665,129850,The Bullet Vanishes,
1666,71864,The Odd Life of Timothy Green,
1667,88036,Sparkle,
1668,109513,Hit & Run,
1669,84188,Compliance,
1670,79694,The Apparition,
1671,49526,Premium Rush,
1672,127533,Rurouni Kenshin,
1673,103620,Maniac,
1674,103663,The Hunt,
1675,82633,Lawless,
1676,77883,The Possession,
1677,123678,The Act of Killing,
1678,129112,Wadjda,
1679,84200,For a Good Time, Call...,
1680,139567,Fire with Fire,
1681,121734,Tad, the Lost Explorer,
1682,68812,The Iceman,
1683,122089,Something in the Air,
1684,126250,Love Is All You Need,
1685,121173,Voracious,
1686,123377,Pieta,
1687,96724,Anna Karenina,
1688,87496,The Company You Keep,
1689,68722,The Master,
1690,86838,Seven Psychopaths,
1691,49049,Dredd,
1692,83686,The Words,
1693,121872,Ginger & Rosa,
1694,112200,Thanks for Sharing,
1695,127864,Blancanieves,
1696,82693,Silver Linings Playbook,
1697,121826,Quartet,
1698,128158,The Patience Stone,
1699,111969,Stuck in Love,
1700,80278,The Impossible,
1701,102780,Byzantium,
1702,104755,The Lords of Salem,
1703,121873,Hannah Arendt,
1704,127517,Disconnect,
1705,116613,The Sweeney,
1706,84341,Smashed,
1707,71679,Resident Evil: Retribution,
1708,123103,Aftershock,
1709,123105,The Bay,
1710,84306,Liberal Arts,
1711,60599,Arbitrage,
1712,127372,Emperor,
1713,82390,The Paperboy,
1714,84892,The Perks of Being a Wallflower,
1715,77016,End of Watch,
1716,76492,Hotel Transylvania,
1717,62214,Frankenweenie,
1718,64689,Killing Them Softly,
1719,134380,The Mistress,
1720,134597,The Collection,
1721,82505,House at the End of the Street,
1722,134413,Occupy Unmasked,
1723,127505,Head Games,
1724,133694,Promised Land,
1725,121875,In the House,
1726,59967,Looper,
1727,58244,Upside Down,
1728,82675,Taken 2,
1729,114150,Pitch Perfect,
1730,82631,Won't Back Down,
1731,84185,Chasing Ice,
1732,122857,Universal Soldier: Day of Reckoning,
1733,134673,Renoir,
1734,137182,The Broken Circle Breakdown,
1735,61012,Silent Hill: Revelation 3D,
1736,68734,Argo,
1737,87826,Here Comes the Boom,
1738,141614,Niko 2 - Little Brother, Big Trouble,
1739,82990,Paranormal Activity 4,
1740,94348,Alex Cross,
1741,84317,Nobody Walks,
1742,138222,Best Man Down,
1743,37724,Skyfall,
1744,82679,Fun Size,
1745,83542,Cloud Atlas,
1746,121598,Midnight's Children,
1747,82690,Wreck-It Ralph,
1748,139329,Back to 1942,
1749,121879,A Late Quartet,
1750,87502,Flight,
1751,97430,The Man with the Iron Fists,
1752,133463,Redd Inc.,
1753,139933,Kiss of the Damned,
1754,97614,Deadfall,
1755,72976,Lincoln,
1756,94352,Cirque du Soleil: Worlds Away,
1757,142487,The Precocious and Brief Life of Sabina Rivas,
1758,152989,The Stroller Strategy,
1759,50620,The Twilight Saga: Breaking Dawn - Part 2,
1760,75629,Evangelion: 3.0 You Can (Not) Redo,
1761,87827,Life of Pi,
1762,81188,Rise of the Guardians,
1763,60747,Red Dawn,
1764,112336,Hitchcock,
1765,49051,The Hobbit: An Unexpected Journey,
1766,138376,A Dark Truth,
1767,121674,Great Expectations,
1768,117974,Sightseers,
1769,139455,Silent Night,
1770,126319,Ernest & Celestine,
1771,146375,On the Other Side of the Tracks,
1772,82695,Les Misérables,
1773,97630,Zero Dark Thirty,
1774,82687,The Guilt Trip,
1775,75780,Jack Reacher,
1776,89492,This Is 40,
1777,167449,The Guillotines,
1778,128270,Not Fade Away,
1779,68718,Django Unchained,
1780,88042,Parental Guidance,
1781,159447,Mommies, Happy New Year!,
1782,83890,LUV,
1783,103731,Mud,
1784,137563,A Band Called Death,
1785,121986,Frances Ha,
1786,60281,To the Wonder,
1787,122081,Spring Breakers,
1788,127373,What Maisie Knew,
1789,97367,The Place Beyond the Pines,
1790,123109,No One Lives,
1791,87436,The ABCs of Death,
1792,70074,Bullet to the Head,
1793,152742,The Best Offer,
1794,87818,Movie 43,
1795,152259,Phantom,
1796,76617,Texas Chainsaw 3D,
1797,155887,A Prince (almost) Charming,
1798,44865,The Grandmaster,
1799,82682,Gangster Squad,
1800,139038,A Haunted House,
1801,132232,Mama,
1802,60304,Hansel & Gretel: Witch Hunters,
1803,157386,The Spectacular Now,
1804,158907,Breathe In,
1805,98357,Broken City,
1806,157354,Fruitvale Station,
1807,152748,Ain't Them Bodies Saints,
1808,154282,Touchy Feely,
1809,132344,Before Midnight,
1810,86825,Stoker,
1811,159638,Ghost Team One,
1812,119283,Parker,
1813,158916,Sweetwater,
1814,160704,The Berlin File,
1815,82654,Warm Bodies,
1816,47964,A Good Day to Die Hard,
1817,165904,Special 26,
1818,112949,Safe Haven,
1819,109421,Side Effects,
1820,109431,Identity Thief,
1821,150897,Paradise: Hope,
1822,150117,I Give It a Year,
1823,159932,A Single Shot,
1824,146578,The Package,
1825,160068,Gloria,
1826,110428,Camille Claudel 1915,
1827,109491,Beautiful Creatures,
1828,166879,One Small Hitch,
1829,68179,Escape from Planet Earth,
1830,49519,The Croods,
1831,145135,Dark Skies,
1832,134411,Snitch,
1833,110402,Hard to Be a God,
1834,81005,Jack the Giant Slayer,
1835,171879,The Attacks Of 26-11,
1836,107811,21 & Over,
1837,68728,Oz: The Great and Powerful,
1838,102362,Dead Man Down,
1839,144789,I'm So Excited!,
1840,305242,Green Eyes,
1841,169813,Short Term 12,
1842,158011,The Call,
1843,124459,The Incredible Burt Wonderstone,
1844,93828,Welcome to the Punch,
1845,121677,The Reluctant Fundamentalist,
1846,117263,Olympus Has Fallen,
1847,144340,Admission,
1848,72710,The Host,
1849,182127,Ip Man: The Final Fight,
1850,156268,InAPPropriate Comedy,
1851,72559,G.I. Joe: Retaliation,
1852,68727,Trance,
1853,191294,We Are the Best!,
1854,126963,Dragon Ball Z: Battle of Gods,
1855,254732,Haunted,
1856,168055,Love Is in the Air,
1857,111190,Adore,
1858,145197,Upstream Color,
1859,109428,Evil Dead,
1860,180853,Chashme Baddoor,
1861,75612,Oblivion,
1862,4258,Scary Movie 5,
1863,109410,42,
1864,68721,Iron Man 3,
1865,134374,Pain & Gain,
1866,176124,Home Run,
1867,171540,Big Bad Wolves,
1868,174316,A Case of You,
1869,87567,The Big Wedding,
1870,239019,House of Good and Evil,
1871,54138,Star Trek Into Darkness,
1872,82992,Fast & Furious 6,
1873,166076,Superman: Unbound,
1874,136418,Hummingbird,
1875,64682,The Great Gatsby,
1876,116711,Epic,
1877,152795,The Congress,
1878,174321,The English Teacher,
1879,152780,The Past,
1880,86829,Inside Llewyn Davis,
1881,179144,The Great Beauty,
1882,119675,Behind the Candelabra,
1883,179109,Bastards,
1884,129670,Nebraska,
1885,190754,On the Job,
1886,109439,The Hangover Part III,
1887,159154,We Steal Secrets: The Story of WikiLeaks,
1888,75656,Now You See Me,
1889,77987,Only God Forgives,
1890,82700,After Earth,
1891,87499,The East,
1892,158015,The Purge,
1893,62211,Monsters University,
1894,147773,The Way Way Back,
1895,159117,V/H/S/2,
1896,116741,The Internship,
1897,49521,Man of Steel,
1898,109414,This Is the End,
1899,96936,The Bling Ring,
1900,59981,Legends of Oz: Dorothy's Return,
1901,72190,World War Z,
1902,191121,Raanjhanaa,
1903,181330,Kevin Hart: Let Me Explain,
1904,93456,Despicable Me 2,
1905,136795,The Heat,
1906,117251,White House Down,
1907,152599,The Immigrant,
1908,57201,The Lone Ranger,
1909,179111,A Field in England,
1910,192538,Hammer of the Gods,
1911,68726,Pacific Rim,
1912,77950,Turbo,
1913,109418,Grown Ups 2,
1914,77663,Killing Season,
1915,59859,Kick-Ass 2,
1916,138843,The Conjuring,
1917,107985,The World's End,
1918,199373,The Frozen Ground,
1919,153158,Underdogs,
1920,49524,R.I.P.D.,
1921,208036,Ramaiya Vastavaiya,
1922,149870,The Wind Rises,
1923,211954,Instructions Not Included,
1924,76170,The Wolverine,
1925,177699,Alan Partridge: Alpha Papa,
1926,129139,The To Do List,
1927,160588,Blue Jasmine,
1928,225235,The Geographer Drank His Globe Away,
1929,109729,The Canyons,
1930,77931,The Smurfs 2,
1931,110415,Snowpiercer,
1932,136400,2 Guns,
1933,138832,We're the Millers,
1934,68724,Elysium,
1935,76285,Percy Jackson: Sea of Monsters,
1936,77805,Lovelace,
1937,157360,In a World...,
1938,151960,Planes,
1939,190847,The Last Days on Mars,
1940,115348,Paranoia,
1941,156711,Austenland,
1942,122906,About Time,
1943,132363,The Butler,
1944,115782,Jobs,
1945,123553,The Mortal Instruments: City of Bones,
1946,190955,Blood Ties,
1947,215776,Madras Cafe,
1948,172533,Drinking Buddies,
1949,207768,I Spit on Your Grave 2,
1950,212721,Gerontophilia,
1951,146223,Closed Circuit,
1952,172828,Bad Milo,
1953,146227,Getaway,
1954,209276,Starred Up,
1955,217708,Of Horses and Men,
1956,199534,Wolf Creek 2,
1957,96721,Rush,
1958,87421,Riddick,
1959,211067,The Sacrament,
1960,169209,Empire State,
1961,173301,Good Ol’ Freda,
1962,214075,Words and Pictures,
1963,152532,Dallas Buyers Club,
1964,198277,Begin Again,
1965,212716,What If,
1966,209263,Enough Said,
1967,192577,Space Pirate Captain Harlock,
1968,205601,Belle,
1969,181886,Enemy,
1970,157547,Oculus,
1971,192145,Third Person,
1972,209247,The Art of the Steal,
1973,160768,Jimmy P.,
1974,106747,Machete Kills,
1975,112205,The Family,
1976,209189,Life of Crime,
1977,146233,Prisoners,
1978,191714,The Lunchbox,
1979,220289,Coherence,
1980,118289,Diana,
1981,210047,Cold Comes the Night,
1982,109417,Battle of the Year,
1983,85889,Filth,
1984,146238,Runner Runner,
1985,193613,Metallica: Through the Never,
1986,109451,Cloudy with a Chance of Meatballs 2,
1987,209901,Nothing Left to Fear,
1988,49047,Gravity,
1989,217923,Young Detective Dee: Rise of the Sea Dragon,
1990,175528,Baggage Claim,
1991,159128,We Are What We Are,
1992,177945,Like Father, Like Son,
1993,78383,Nurse 3-D,
1994,209262,Parkland,
1995,225132,Murder Eleven,
1996,203833,The Book Thief,
1997,140818,Ragnarok,
1998,187022,A Touch of Sin,
1999,209350,Le Week-End,
2000,152737,August: Osage County,
2001,152584,Blue Is the Warmest Color,
2002,107846,Escape Plan,
2003,203793,Stalingrad,
2004,109424,Captain Phillips,
2005,146239,Delivery Man,
2006,111479,CBGB,
2007,162903,The Fifth Estate,
2008,152601,Her,
2009,227700,Mindscape,
2010,157841,The Young and Prodigious T.S. Spivet,
2011,133805,Carrie,
2012,76203,12 Years a Slave,
2013,140823,Saving Mr. Banks,
2014,208134,Bad Grandpa,
2015,80274,Ender's Game,
2016,209274,Ida,
2017,214086,The Face of Love,
2018,109091,The Counselor,
2019,212162,Puella Magi Madoka Magica the Movie Part III: Rebellion,
2020,76338,Thor: The Dark World,
2021,175574,Free Birds,
2022,137093,Last Vegas,
2023,205220,Philomena,
2024,87516,Oldboy,
2025,101299,The Hunger Games: Catching Fire,
2026,146304,The Best Man Holiday,
2027,192134,Dom Hemingway,
2028,109445,Frozen,
2029,149871,The Tale of the Princess Kaguya,
2030,204082,Homefront,
2031,175541,Black Nativity,
2032,220495,Bullett Raja,
2033,227707,The Adventurer: The Curse of the Midas Box,
2034,192136,Mandela: Long Walk to Freedom,
2035,164457,Out of the Furnace,
2036,64686,47 Ronin,
2037,57158,The Hobbit: The Desolation of Smaug,
2038,168672,American Hustle,
2039,116745,The Secret Life of Walter Mitty,
2040,44977,Dhoom 3,
2041,109443,Anchorman 2: The Legend Continues,
2042,77951,Walking With Dinosaurs,
2043,193756,Lone Survivor,
2044,106646,The Wolf of Wall Street,
2045,258216,Nymphomaniac: Vol. I,
2046,249397,Nymphomaniac: Vol. II,
2047,111473,The Invisible Woman,
2048,64807,Grudge Match,
2049,127560,The Railway Man,
2050,130150,Labor Day,
2051,169817,Swim Little Fish Swim,
2052,177047,Decoding Annie Parker,
2053,174337,The Pretty One,
2054,188166,Blue Ruin,
2055,203819,Tracks,
2056,97370,Under the Skin,
2057,157847,Joe,
2058,210479,Locke,
2059,157834,The Zero Theorem,
2060,146015,The Double,
2061,171424,The Green Inferno,
2062,210947,Afflicted,
2063,227348,Paranormal Activity: The Marked Ones,
2064,168530,Ride Along,
2065,245775,Yves Saint Laurent,
2066,79316,Devil's Due,
2067,188207,The Legend of Hercules,
2068,252053,Yaariyan,
2069,137094,Jack Ryan: Shadow Recruit,
2070,244786,Whiplash,
2071,171372,Frank,
2072,248774,Obvious Child,
2073,241848,The Guest,
2074,242224,The Babadook,
2075,244539,Infinitely Polar Bear,
2076,244772,The Skeleton Twins,
2077,231576,Wish I Was Here,
2078,246011,Ping Pong Summer,
2079,85350,Boyhood,
2080,246741,What We Do in the Shadows,
2081,252171,A Girl Walks Home Alone at Night,
2082,157849,A Most Wanted Man,
2083,180299,The Raid 2,
2084,100241,I, Frankenstein,
2085,152760,The Monuments Men,
2086,225574,Non-Stop,
2087,225565,That Awkward Moment,
2088,97020,RoboCop,
2089,208763,Forbidden Kingdom,
2090,217993,Justice League: War,
2091,242042,Barefoot,
2092,137106,The Lego Movie,
2093,82703,Mr. Peabody & Sherman,
2094,252178,'71,
2095,244268,Love Is Strange,
2096,192149,The Two Faces of January,
2097,226857,Endless Love,
2098,241842,Dead Snow 2: Red vs. Dead,
2099,197796,Beauty and the Beast,
2100,175112,Tinker Bell and the Pirate Fairy,
2101,137321,Winter's Tale,
2102,222899,About Last Night,
2103,192102,3 Days to Kill,
2104,76649,Pompeii,
2105,120467,The Grand Budapest Hotel,
2106,260522,Easy on the Eyes,
2107,235260,Son of God,
2108,242076,The Bag Man,
2109,80920,Repentance,
2110,225044,Like Sunday, Like Rain,
2111,53182,300: Rise of an Empire,
2112,212778,Chef,
2113,177494,Veronica Mars,
2114,195589,Neighbors,
2115,136797,Need for Speed,
2116,157350,Divergent,
2117,157099,Better Living Through Chemistry,
2118,239562,The Single Moms Club,
2119,242095,The Signal,
2120,172385,Rio 2,
2121,100402,Captain America: The Winter Soldier,
2122,241855,Spring,
2123,145220,Muppets Most Wanted,
2124,141043,A Long Way Down,
2125,86834,Noah,
2126,243935,Rob the Mob,
2127,249660,God's Not Dead,
2128,252680,Moms' Night Out,
2129,144336,Sabotage,
2130,193612,The Quiet Ones,
2131,236751,Heaven is for Real,
2132,52653,Jinn,
2133,256917,The Water Diviner,
2134,200505,Draft Day,
2135,102382,The Amazing Spider-Man 2,
2136,193610,The Other Woman,
2137,157353,Transcendence,
2138,155084,13 Sins,
2139,260001,Life Partners,
2140,259963,Boulevard,
2141,254473,Brick Mansions,
2142,285689,Glen Campbell: I'll Be Me,
2143,187596,Walk of Shame,
2144,244517,God's Pocket,
2145,157829,The Disappearance of Eleanor Rigby: Them,
2146,124905,Godzilla,
2147,127585,X-Men: Days of Future Past,
2148,265228,Timbuktu,
2149,266082,Girlhood,
2150,245700,Mr. Turner,
2151,222935,The Fault in Our Stars,
2152,82702,How to Train Your Dragon 2,
2153,265195,Wild Tales,
2154,265189,Force Majeure,
2155,264656,The Homesman,
2156,157845,The Rover,
2157,87492,Foxcatcher,
2158,221902,Two Days, One Night,
2159,232672,Blended,
2160,157851,Maps to the Stars,
2161,265177,Mommy,
2162,266285,The Salvation,
2163,246860,Clouds of Sils Maria,
2164,244509,Cold in July,
2165,137113,Edge of Tomorrow,
2166,102651,Maleficent,
2167,209185,The Grand Seduction,
2168,262958,Jimmy's Hall,
2169,273169,French Women,
2170,187017,22 Jump Street,
2171,209451,Jersey Boys,
2172,291319,A Long Way Off,
2173,244761,The Captive,
2174,267999,White God,
2175,238603,Earth to Echo,
2176,289727,The Rewrite,
2177,184098,Think Like a Man Too,
2178,371507,Locust,
2179,91314,Transformers: Age of Extinction,
2180,119450,Dawn of the Planet of the Apes,
2181,262340,Mrs. Brown's Boys D'Movie,
2182,226486,Tammy,
2183,240832,Lucy,
2184,243683,Step Up All In,
2185,238636,The Purge: Anarchy,
2186,218836,Planes: Fire & Rescue,
2187,225886,Sex Tape,
2188,244267,I Origins,
2189,242828,When Marnie Was There,
2190,244566,Life After Beth,
2191,253235,And So It Goes,
2192,184315,Hercules,
2193,280690,Kick,
2194,118340,Guardians of the Galaxy,
2195,282631,The Admiral: Roaring Currents,
2196,239566,Get on Up,
2197,138103,The Expendables 3,
2198,228194,The Hundred-Foot Journey,
2199,216282,Into the Storm,
2200,98566,Teenage Mutant Ninja Turtles,
2201,265712,Stand by Me Doraemon,
2202,227156,The Giver,
2203,242643,Batman: Assault on Arkham,
2204,256876,Red Army,
2205,193893,Let's Be Cops,
2206,254375,Hector and the Search for Happiness,
2207,157825,White Bird in a Blizzard,
2208,256274,As Above, So Below,
2209,270343,Love at First Fight,
2210,189,Sin City: A Dame to Kill For,
2211,249164,If I Stay,
2212,299738,The Four 3,
2213,232679,When the Game Stands Tall,
2214,241254,The Prince,
2215,272435,Gemma Bovery,
2216,280002,The Remaining,
2217,194662,Birdman,
2218,254904,The November Man,
2219,267480,The Look of Silence,
2220,206487,Predestination,
2221,205596,The Imitation Game,
2222,228970,Wild,
2223,283235,99 Homes,
2224,284303,Goodnight Mommy,
2225,204922,Before I Go to Sleep,
2226,242582,Nightcrawler,
2227,286521,5 Flights Up,
2228,283330,Eden,
2229,230179,Big Game,
2230,110416,Song of the Sea,
2231,287495,Labyrinth of Lies,
2232,241771,Beyond the Lights,
2233,253331,Black or White,
2234,284296,Top Five,
2235,284289,Beyond the Reach,
2236,266856,The Theory of Everything,
2237,284276,Cake,
2238,284294,Time Out of Mind,
2239,284293,Still Alice,
2240,287587,Adult Beginners,
2241,282296,My Old Lady,
2242,198663,The Maze Runner,
2243,170687,The Boxtrolls,
2244,239678,This Is Where I Leave You,
2245,136835,No Good Deed,
2246,283350,Before We Go,
2247,234200,Pride,
2248,227735,Dolphin Tale 2,
2249,154400,The Drop,
2250,199933,Atlas Shrugged Part III: Who is John Galt?,
2251,169917,A Walk Among the Tombstones,
2252,270302,The Riot Club,
2253,246403,Tusk,
2254,156022,The Equalizer,
2255,236735,Marshland,
2256,254578,Phoenix,
2257,244264,Laggies,
2258,210577,Gone Girl,
2259,276843,What We Did on Our Holiday,
2260,286554,Two Night Stand,
2261,228326,The Book of Life,
2262,49017,Dracula Untold,
2263,250546,Annabelle,
2264,193726,ABCs of Death 2,
2265,218043,Left Behind,
2266,171274,Inherent Vice,
2267,292106,Mummy, I'm a Zombie,
2268,205587,The Judge,
2269,218778,Alexander and the Terrible, Horrible, No Good, Very Bad Day,
2270,239563,St. Vincent,
2271,245916,Kill the Messenger,
2272,293310,Citizenfour,
2273,293262,I Am Ali,
2274,241843,Cooties,
2275,253254,Before I Disappear,
2276,255343,Escobar: Paradise Lost,
2277,164251,Serena,
2278,284689,Testament of Youth,
2279,72784,The Loft,
2280,278632,Julia,
2281,228150,Fury,
2282,269148,Samba,
2283,200727,Love, Rosie,
2284,239571,The Best of Me,
2285,244506,Camp X-Ray,
2286,243684,Men, Women & Children,
2287,254474,Zombeavers,
2288,245891,John Wick,
2289,177572,Big Hero 6,
2290,242512,Ouija,
2291,245906,She's Funny That Way,
2292,459999,The Hellion,
2293,157336,Interstellar,
2294,271674,Suite Française,
2295,241239,A Most Violent Year,
2296,270946,Penguins of Madagascar,
2297,301748,The Opposite Sex,
2298,131631,The Hunger Games: Mockingjay - Part 1,
2299,273895,Selma,
2300,190859,American Sniper,
2301,100042,Dumb and Dumber To,
2302,227159,Horrible Bosses 2,
2303,116149,Paddington,
2304,147441,Exodus: Gods and Kings,
2305,282813,The Pyramid,
2306,246080,Black Sea,
2307,122917,The Hobbit: The Battle of the Five Armies,
2308,68737,Seventh Son,
2309,260346,Taken 3,
2310,181533,Night at the Museum: Secret of the Tomb,
2311,196867,Annie,
2312,87093,Big Eyes,
2313,227306,Unbroken,
2314,228967,The Interview,
2315,284536,The Gambler,
2316,224141,Into the Woods,
2317,288158,The Woman in Black 2: Angel of Death,
2318,253303,Buzzard,
2319,270303,It Follows,
2320,167810,Lost River,
2321,277685,Unfriended,
2322,254905,Manglehorn,
2323,283698,Hungry Hearts,
2324,253626,Good Kill,
2325,252512,While We're Young,
2326,271714,Love & Mercy,
2327,207703,Kingsman: The Secret Service,
2328,264660,Ex Machina,
2329,336313,Hell & Back,
2330,201088,Blackhat,
2331,290764,Tracers,
2332,252838,The Wedding Ringer,
2333,210860,Mortdecai,
2334,319993,Aferim!,
2335,249688,The End of the Tour,
2336,308084,Tangerine,
2337,302429,Strange Magic,
2338,263472,Knock Knock,
2339,241251,The Boy Next Door,
2340,263109,Shaun the Sheep Movie,
2341,250124,The Diary of a Teenage Girl,
2342,309245,Mistress America,
2343,310133,Cop Car,
2344,307931,The Wolfpack,
2345,167073,Brooklyn,
2346,312827,The Nightmare,
2347,310121,I'll See You in My Dreams,
2348,309298,Don Verdean,
2349,227719,Project Almanac,
2350,243940,The Lazarus Effect,
2351,309304,Grandma,
2352,76757,Jupiter Ascending,
2353,228165,The SpongeBob Movie: Sponge Out of Water,
2354,311291,45 Years,
2355,320007,Victoria,
2356,86835,Knight of Cups,
2357,319995,The Club,
2358,320005,Under Electric Clouds,
2359,272693,The DUFF,
2360,216015,Fifty Shades of Grey,
2361,234212,Demonic,
2362,150689,Cinderella,
2363,266396,The Gunman,
2364,300168,Dragon Blade,
2365,228203,McFarland, USA,
2366,323517,Badlapur,
2367,326011,The Battalion,
2368,243938,Hot Tub Time Machine 2,
2369,256591,Focus,
2370,268238,The Second Best Exotic Marigold Hotel,
2371,198184,Chappie,
2372,239573,Unfinished Business,
2373,241554,Run All Night,
2374,306947,The Invitation,
2375,320588,Hello, My Name Is Doris,
2376,181283,Child 44,
2377,271718,Trainwreck,
2378,228161,Home,
2379,262500,Insurgent,
2380,257091,Get Hard,
2381,182560,Dark Places,
2382,168259,Furious 7,
2383,246127,Every Thing Will Be Fine,
2384,308504,Last Knights,
2385,318954,Beyond the Mask,
2386,228205,The Longest Ride,
2387,319337,13 Minutes,
2388,304357,Woman in Gold,
2389,292040,Spooks: The Greater Good,
2390,293863,The Age of Adaline,
2391,223485,Slow West,
2392,256961,Paul Blart: Mall Cop 2,
2393,250734,Far from the Madding Crowd,
2394,245706,True Story,
2395,207936,Tumbledown,
2396,99861,Avengers: Age of Ultron,
2397,256962,Little Boy,
2398,338517,The Dawns Here Are Quiet,
2399,248574,Barely Lethal,
2400,341408,Decent People,
2401,337876,Gabbar Is Back,
2402,238713,Spy,
2403,76341,Mad Max: Fury Road,
2404,254470,Pitch Perfect 2,
2405,338942,Road to Berlin,
2406,268920,Hot Pursuit,
2407,287424,Maggie,
2408,308638,The D Train,
2409,158852,Tomorrowland,
2410,315846,Our Little Sister,
2411,300155,A Royal Night Out,
2412,336808,Embrace of the Serpent,
2413,336050,Son of Saul,
2414,315575,My Golden Days,
2415,254320,The Lobster,
2416,331781,Amy,
2417,258480,Carol,
2418,150540,Inside Out,
2419,336804,Mustang,
2420,273481,Sicario,
2421,310593,Youth,
2422,292431,Love,
2423,243688,Poltergeist,
2424,341007,3 Braves,
2425,334924,The Treasure,
2426,253450,The Assassin,
2427,254128,San Andreas,
2428,222936,Aloha,
2429,135397,Jurassic World,
2430,341895,Premam,
2431,333657,Club Life,
2432,294132,Results,
2433,188222,Entourage,
2434,280092,Insidious: Chapter 3,
2435,211672,Minions,
2436,333623,Love Live! The School Idol Movie,
2437,307081,Southpaw,
2438,286565,Paper Towns,
2439,280996,Mr. Holmes,
2440,308024,The Overnight,
2441,334376,Ghost in the Shell: The New Movie,
2442,87101,Terminator Genisys,
2443,214756,Ted 2,
2444,272878,Max,
2445,288036,Sleeping with Other People,
2446,86828,Absolutely Anything,
2447,102899,Ant-Man,
2448,264999,Magic Mike XXL,
2449,245846,Strangerland,
2450,309242,Mississippi Grind,
2451,256040,Baahubali: The Beginning,
2452,238615,Self/less,
2453,275601,Ricki and the Flash,
2454,299245,The Gallows,
2455,315465,The Boy and the Beast,
2456,301875,Equals,
2457,257344,Pixels,
2458,308032,The Stanford Prison Experiment,
2459,282984,Irrational Man,
2460,347945,Synchronicity,
2461,177677,Mission: Impossible - Rogue Nation,
2462,157544,The Vatican Tapes,
2463,296099,Vacation,
2464,309809,The Little Prince,
2465,328425,The Gift,
2466,346808,Momentum,
2467,293646,The 33,
2468,257445,Goosebumps,
2469,166424,Fantastic Four,
2470,324308,Steve Jobs: The Man in the Machine,
2471,277216,Straight Outta Compton,
2472,203801,The Man from U.N.C.L.E.,
2473,352161,The Clan,
2474,225728,Macbeth,
2475,261392,American Ultra,
2476,283445,Sinister 2,
2477,249070,Hitman: Agent 47,
2478,192141,No Escape,
2479,301351,We Are Your Friends,
2480,323272,War Room,
2481,321751,A Perfect Day,
2482,336882,The Wave,
2483,253412,Everest,
2484,232572,A Walk in the Woods,
2485,276907,Legend,
2486,339527,Solace,
2487,341392,Lolo,
2488,287948,The Transporter Refueled,
2489,264644,Room,
2490,245168,Suffragette,
2491,352157,Marguerite,
2492,261023,Black Mass,
2493,314365,Spotlight,
2494,306819,The Danish Girl,
2495,348674,A War,
2496,321697,Steve Jobs,
2497,324807,A Bigger Splash,
2498,294254,Maze Runner: The Scorch Trials,
2499,298312,The Visit,
2500,286217,The Martian,
2501,283587,Beasts of No Nation,
2502,333352,Eye in the Sky,
2503,10317,Our Brand Is Crisis,
2504,304372,The Perfect Guy,
2505,302528,Remember,
2506,294016,Trumbo,
2507,300693,Truth,
2508,325348,Hardcore Henry,
2509,338928,He Named Me Malala,
2510,334536,The Blackcoat's Daughter,
2511,306745,Freeheld,
2512,254302,High-Rise,
2513,271736,The Program,
2514,290637,Pay the Ghost,
2515,331190,Captive,
2516,273899,Stonewall,
2517,159824,Hotel Transylvania 2,
2518,257211,The Intern,
2519,266647,Pan,
2520,285783,The Walk,
2521,241257,Regression,
2522,295964,Burnt,
2523,201085,Crimson Peak,
2524,290751,Secret in Their Eyes,
2525,296098,Bridge of Spies,
2526,333596,Woodlawn,
2527,227973,The Peanuts Movie,
2528,274854,The Last Witch Hunter,
2529,146301,Paranormal Activity: The Ghost Dimension,
2530,364594,Without Borders,
2531,266639,Jem and the Holograms,
2532,253414,Rock the Kasbah,
2533,273477,Scouts Guide to the Zombie Apocalypse,
2534,206647,Spectre,
2535,218784,Freaks of Nature,
2536,131634,The Hunger Games: Mockingjay - Part 2,
2537,105864,The Good Dinosaur,
2538,228066,Victor Frankenstein,
2539,362136,Prem Ratan Dhan Payo,
2540,318846,The Big Short,
2541,321741,Concussion,
2542,314385,By the Sea,
2543,373086,The Translator,
2544,336004,Heist,
2545,205775,In the Heart of the Sea,
2546,296100,The Night Before,
2547,357400,Digimon Adventure Tri. - Chapter 1: Reunion,
2548,312221,Creed,
2549,287903,Krampus,
2550,370964,He's a Dragon,
2551,257088,Point Break,
2552,218275,The Letters,
2553,258509,Alvin and the Chipmunks: The Road Chip,
2554,273248,The Hateful Eight,
2555,274167,Daddy's Home,
2556,348678,A Man Called Ove,
2557,274479,Joy,
2558,140607,Star Wars: The Force Awakens,
2559,281957,The Revenant,
2560,299824,Mojin: The Lost Legend,
2561,266294,Sisters,
2562,326425,Extraction,
2563,365222,Ip Man 3,
2564,375742,The Lure,
2565,373981,The Sabinal Canyon,
2566,308453,The Bronze,
2567,310131,The Witch,
2568,323929,Krisha,
2569,313922,Green Room,
2570,342165,Too Late,
2571,296523,Man Down,
2572,303991,Demolition,
2573,297806,I Saw the Light,
2574,300667,3 Generations,
2575,312669,Maggie's Plan,
2576,353728,Closet Monster,
2577,318781,Colonia,
2578,291264,The Family Fang,
2579,337154,The Meddler,
2580,353326,The Man Who Knew Infinity,
2581,333385,Mr. Right,
2582,316000,Miles Ahead,
2583,375097,Wonderland,
2584,174751,Jane Got a Gun,
2585,275269,Wazir,
2586,368031,Friend Request,
2587,329440,The Forest,
2588,300671,13 Hours: The Secret Soldiers of Benghazi,
2589,323675,Ride Along 2,
2590,299687,The 5th Wave,
2591,364160,Caged No More,
2592,371449,Other People,
2593,259694,How to Be Single,
2594,291870,Dirty Grandpa,
2595,58431,Pride and Prejudice and Zombies,
2596,347031,Swiss Army Man,
2597,321258,The Boy,
2598,335778,Risen,
2599,337874,Goat,
2600,331962,Exposed,
2601,334533,Captain Fantastic,
2602,334541,Manchester by the Sea,
2603,140300,Kung Fu Panda 3,
2604,296360,Love & Friendship,
2605,336011,White Girl,
2606,284564,31,
2607,369557,Sing Street,
2608,340487,Certain Women,
2609,325346,The Hollars,
2610,339408,The Birth of a Nation,
2611,300673,The Finest Hours,
2612,373476,Complete Unknown,
2613,319888,Eddie the Eagle,
2614,347033,Equity,
2615,351819,Fifty Shades of Black,
2616,330483,The Choice,
2617,368940,Robinson Crusoe,
2618,329833,Zoolander 2,
2619,381691,Maheshinte Prathikaaram,
2620,270487,Hail, Caesar!,
2621,293660,Deadpool,
2622,381890,The Mermaid,
2623,269149,Zootopia,
2624,368942,A Quiet Passion,
2625,334522,Alone in Berlin,
2626,267192,Genius,
2627,245703,Midnight Special,
2628,146198,Triple 9,
2629,336455,Viral,
2630,323677,Race,
2631,267193,Grimsby,
2632,205584,Gods of Egypt,
2633,364116,The Other Side of the Door,
2634,267860,London Has Fallen,
2635,279641,Whiskey Tango Foxtrot,
2636,333371,10 Cloverfield Lane,
2637,262504,Allegiant,
2638,318850,The Young Messiah,
2639,295699,Everybody Wants Some!!,
2640,300669,Don't Breathe,
2641,291356,In a Valley of Violence,
2642,356298,Don't Think Twice,
2643,342521,Keanu,
2644,223702,Sausage Party,
2645,339984,Miracles from Heaven,
2646,209112,Batman v Superman: Dawn of Justice,
2647,302688,My Big Fat Greek Wedding 2,
2648,347126,God's Not Dead 2,
2649,278927,The Jungle Book,
2650,290595,The Huntsman: Winter's War,
2651,301804,Before I Wake,
2652,323676,The Boss,
2653,271110,Captain America: Civil War,
2654,353069,Mother's Day,
2655,234004,Ratchet & Clank,
2656,302156,Criminal,
2657,326423,Barbershop: The Next Cut,
2658,270010,A Hologram for the King,
2659,432234,Peak Valley,
2660,333669,Bastille Day,
2661,384737,Precious Cargo,
2662,245913,Pelé: Birth of a Legend,
2663,366170,Yu-Gi-Oh!: The Dark Side of Dimensions,
2664,315664,Florence Foster Jenkins,
2665,325133,Neighbors 2: Sorority Rising,
2666,205588,Our Kind of Traitor,
2667,246655,X-Men: Apocalypse,
2668,339397,Café Society,
2669,153518,The Angry Birds Movie,
2670,303858,Money Monster,
2671,374473,I, Daniel Blake,
2672,259693,The Conjuring 2,
2673,351454,Neruda,
2674,257345,The Darkness,
2675,290098,The Handmaiden,
2676,374475,Toni Erdmann,
2677,393519,Raw,
2678,267935,The BFG,
2679,393559,My Life as a Zucchini,
2680,290250,The Nice Guys,
2681,340485,American Honey,
2682,338766,Hell or High Water,
2683,370755,Paterson,
2684,339419,Loving,
2685,340676,Personal Shopper,
2686,371859,The Death of Louis XIV,
2687,301365,The Neon Demon,
2688,375315,The Salesman,
2689,337674,Elle,
2690,341012,Popstar: Never Stop Never Stopping,
2691,68735,Warcraft,
2692,241259,Alice Through the Looking Glass,
2693,296096,Me Before You,
2694,308531,Teenage Mutant Ninja Turtles: Out of the Shadows,
2695,291805,Now You See Me 2,
2696,127380,Finding Dory,
2697,345911,Lights Out,
2698,168098,Cell,
2699,302699,Central Intelligence,
2700,328111,The Secret Life of Pets,
2701,278154,Ice Age: Collision Course,
2702,47933,Independence Day: Resurgence,
2703,316152,Free State of Jones,
2704,332567,The Shallows,
2705,333386,The Duel,
2706,258489,The Legend of Tarzan,
2707,316727,The Purge: Election Year,
2708,351339,Anthropoid,
2709,372411,Absolutely Fabulous: The Movie,
2710,400411,Satanic,
2711,372058,Your Name.,
2712,188927,Star Trek Beyond,
2713,316023,Mike and Dave Need Wedding Dates,
2714,333667,Rock Dog,
2715,390734,Kingsglaive: Final Fantasy XV,
2716,325789,The Infiltrator,
2717,43074,Ghostbusters,
2718,406727,The Jacks of Town,
2719,270774,Skiptrace,
2720,382322,Batman: The Killing Joke,
2721,366080,Kabali,
2722,351211,Blair Witch,
2723,315011,Shin Godzilla,
2724,328387,Nerve,
2725,324668,Jason Bourne,
2726,376659,Bad Moms,
2727,294272,Pete's Dragon,
2728,297761,Suicide Squad,
2729,322240,Nine Lives,
2730,408024,Moka,
2731,195590,Collide,
2732,402672,Mohenjo Daro,
2733,411268,Line Walker,
2734,313297,Kubo and the Two Strings,
2735,308266,War Dogs,
2736,271969,Ben-Hur,
2737,374617,Imperium,
2738,377263,Frantz,
2739,278924,Mechanic: Resurrection,
2740,313369,La La Land,
2741,329865,Arrival,
2742,377264,Morgan,
2743,376867,Moonlight,
2744,340666,Nocturnal Animals,
2745,363676,Sully,
2746,283552,The Light Between Oceans,
2747,324786,Hacksaw Ridge,
2748,416239,Actor in Law,
2749,416249,Cold War II,
2750,416238,Beloved,
2751,258230,A Monster Calls,
2752,347026,A United Kingdom,
2753,397243,The Autopsy of Jane Doe,
2754,334543,Lion,
2755,335797,Sing,
2756,376866,Jackie,
2757,332979,Bleed for This,
2758,296524,Deepwater Horizon,
2759,95610,Bridget Jones's Baby,
2760,333484,The Magnificent Seven,
2761,302401,Snowden,
2762,376660,The Edge of Seventeen,
2763,346685,The Girl on the Train,
2764,332210,Storks,
2765,283366,Miss Peregrine's Home for Peculiar Children,
2766,381288,Split,
2767,396616,The King's Choice,
2768,376565,The Duelist,
2769,213681,Masterminds,
2770,415214,Operation Mekong,
2771,402298,Denial,
2772,412924,Supersonic,
2773,369883,Middle School: The Worst Years of My Life,
2774,342737,20th Century Women,
2775,136799,Trolls,
2776,302946,The Accountant,
2777,207932,Inferno,
2778,293767,Billy Lynn's Long Halftime Walk,
2779,314095,The Lost City of Z,
2780,342473,Ballerina,
2781,343611,Jack Reacher: Never Go Back,
2782,331313,Keeping Up with the Joneses,
2783,409502,I'm Not Ashamed,
2784,284052,Doctor Strange,
2785,424430,Legion,
2786,378108,In This Corner of the World,
2787,404378,A Street Cat Named Bob,
2788,259316,Fantastic Beasts and Where to Find Them,
2789,291328,Rules Don't Apply,
2790,376290,Miss Sloane,
2791,329981,Shut In,
2792,277834,Moana,
2793,388399,Patriots Day,
2794,369885,Allied,
2795,445791,Celldweller: Start of an Empire,
2796,338964,Bad Santa 2,
2797,310307,The Founder,
2798,413543,Dear Zindagi,
2799,384682,Office Christmas Party,
2800,346672,Underworld: Blood Wars,
2801,241258,Incarnate,
2802,423628,Believe,
2803,345920,Collateral Beauty,
2804,311324,The Great Wall,
2805,316021,Frank & Lola,
2806,381284,Hidden Figures,
2807,330459,Rogue One: A Star Wars Story,
2808,173897,Resident Evil: The Final Chapter,
2809,393457,Fences,
2810,274870,Passengers,
2811,262841,Monster Trucks,
2812,121856,Assassin's Creed,
2813,68730,Silence,
2814,334524,Gold,
2815,356305,Why Him?,
2816,377447,Railroad Tigers,
2817,259695,Live by Night,
2818,433327,Kirik Party,
2819,432590,Panarzo and the Good Ol' Days,
2820,371447,Lovesong,
2821,322487,Spark: A Space Tail,
2822,333384,Lowriders,
2823,334521,Free Fire,
2824,411012,Chasing Trane,
2825,339967,Colossal,
2826,340101,Their Finest,
2827,367147,Buster's Mal Heart,
2828,410117,Lady Macbeth,
2829,340837,A Cure for Wellness,
2830,413882,Ok Jaanu,
2831,441425,Kinda Funny Live 2,
2832,324542,Sleepless,
2833,292280,The Bye Bye Man,
2834,47971,xXx: Return of Xander Cage,
2835,434119,Confidential Assignment,
2836,381289,A Dog's Purpose,
2837,416477,The Big Sick,
2838,353569,Table 19,
2839,363126,Berlin Syndrome,
2840,397837,Before I Fall,
2841,425751,The Hero,
2842,428449,A Ghost Story,
2843,346681,Wilson,
2844,297160,XX,
2845,419430,Get Out,
2846,396810,The Last Word,
2847,365942,The Space Between Us,
2848,180863,T2 Trainspotting,
2849,324552,John Wick: Chapter 2,
2850,14564,Rings,
2851,341174,Fifty Shades Darker,
2852,324849,The Lego Batman Movie,
2853,401546,The Dinner,
2854,263115,Logan,
2855,413594,Sword Art Online The Movie: Ordinal Scale,
2856,321612,Beauty and the Beast,
2857,403390,Bitter Harvest,
2858,293167,Kong: Skull Island,
2859,345938,The Shack,
2860,433356,The Ottoman Lieutenant,
2861,330947,Song to Song,
2862,339403,Baby Driver,
2863,341013,Atomic Blonde,
2864,295693,The Boss Baby,
2865,395992,Life,
2866,305470,Power Rangers,
2867,417644,CHiPS,
2868,137116,Smurfs: The Lost Village,
2869,315837,Ghost in the Shell,
2870,289222,The Zookeeper's Wife,
2871,353070,Going in Style,
2872,390051,Aftermath,
2873,400928,Gifted,
2874,337339,The Fate of the Furious,
2875,452394,Manje Bistre (ਮੰਜੇ ਬਿਸਤਰੇ),
2876,283995,Guardians of the Galaxy Vol. 2,
2877,418437,Unforgettable,
2878,443319,Phoenix Forgotten,
2879,339988,The Circle,
2880,350312,Baahubali 2: The Conclusion,
2881,274857,King Arthur: Legend of the Sword,
2882,373569,Snatched,
2883,426253,The Lovers,
2884,126889,Alien: Covenant,
2885,339846,Baywatch,
2886,297762,Wonder Woman,
2887,282035,The Mummy,
2888,260514,Cars 3,
2889,166426,Pirates of the Caribbean: Dead Men Tell No Tales,
2890,399019,The Beguiled,
2891,429200,Good Time,
2892,268531,Captain Underpants: The First Epic Movie,
2893,413998,My Cousin Rachel,
2894,382614,The Book of Henry,
2895,324852,Despicable Me 3,
2896,397422,Rough Night,
2897,403119,47 Meters Down,
2898,462150,Twisty Box: A Collection of Yowg Films,
2899,396422,Annabelle: Creation,
2900,335988,Transformers: The Last Knight,
2901,315635,Spider-Man: Homecoming,
2902,281338,War for the Planet of the Apes,
2903,374720,Dunkirk,
2904,339964,Valerian and the City of a Thousand Planets,
2905,378236,The Emoji Movie,
2906,467919,Kinda Funny Live 3,
2907,353491,The Dark Tower,
2908,293768,Kidnap,
2909,336000,The Glass Castle,
2910,390043,The Hitman's Bodyguard,
2911,399170,Logan Lucky,
2912,337170,American Made,
2913,474227,Marvel's Inhumans: IMAX,
2914,346364,It,
2915,415842,American Assassin,
2916,343668,Kingsman: The Golden Circle,
2917,274862,The LEGO Ninjago Movie,
